Refined_Formal_Name,Count,Refined_Category,Original_Entry,Status/Notes
Sant'Andrea al Quirinale,4,Place,Church of Sant'Andrea al Quirinale | S. Andrea | Sant'Andrea al Quirinale | St. Andrew's Temple Church,[Ambiguous] 可能是 Quirinale 或 Della Valle，视语境。 | [Category Fix] 原文误标为 Work。贝尼尼建筑。 | [Context] 可能是指 Quirinale 的 Jesuit Novitiate church。 | 罗马教堂（贝尼尼）。
"Abel-François Poisson, marquis de Marigny",3,Person,"Abel-Fran?ois Poisson de Vandières | Marigny, Marquis de | Vandi豕res, Marquis de...","[OCR Fix] ""Vandi豕res"" -> ""Vandières""。Marigny侯爵。 | [OCR Fix] 修正 ""?"" 为 ""ç""。庞巴杜夫人的弟弟，艺术总监。 | 蓬帕杜夫人的弟弟，法国皇家建筑总监。"
Johann Matthias von der Schulenburg,3,Person,"Johann Matthias von der Schulenburg | Marshal Schulenburg | Schulenburg, Marshal Johann Matthias",[Category Fix] 威尼斯共和国元帅，重要的艺术收藏家。 | [Validation] 陆军元帅/威尼斯收藏家。 | 威尼斯元帅，重要收藏家。
Camillo Astalli,3,Person,"Astalli (Pamfili), Camillo | Camillo Astalli | Pamfili (Astalli), Camillo",[Disambiguation] 卡米洛·阿斯塔利枢机。 | [Validation] 枢机主教。 | 曾被 Pamphilj 家族收养的红衣主教 (Cardinal-Nephew)。
Clemens August of Bavaria,3,Person,"Clemens August of Bavaria | Clemens August, Archbishop-Elector of Cologne | Kufürst Clemens August",[Category Fix] 原文误标为 Man-Made Object。科隆选帝侯。 | [Category Fix] 原文误标为 Work。 | [Validation] 科隆选帝侯。
Gaspard Dughet,3,Person,"Dughet, Gaspard (Gaspard Poussin) | Gaspard Dughet | Poussin, Gaspard",[Validation] 画家。 | [Validation] 风景画家。 | 别名 Gaspard Poussin，风景画家。
George I of Great Britain,3,Person,"George I of Great Britain | George I, King of England | King George I",[Category Fix] 原文误标为 Man-Made Object。 | [Validation] 同上。 | [Validation] 英国国王。
Giovanni Maria Sasso,3,Person,G.M. Sasso | Giovanni Maria Sasso | Giuseppe Maria Sasso,[Correction] 威尼斯画商 Sasso 通常名为 Giovanni Maria。可能是误记。 | [Disambiguation] 威尼斯画商/修复师。 | [Validation] 威尼斯画商。
Gregory XV,3,Person,"Alessandro Ludovisi | Gregory XV | Ludovisi, Alessandro (Pope Gregory XV)",[Disambiguation] 亚历山德罗·卢多维西 (教皇格里高利十五世)。 | [Disambiguation] 教皇格里高利十五世。 | [Validation] 教皇格里高利十五世。
"Grey Brydges, 5th Baron Chandos",3,Person,"Brydges, Grey | Chandos, Grey Brydges, 5th Lord | Grey Brydges, 5th Baron Chandos","[Disambiguation] ""King of the Cotswolds""。 | [Validation] 英国贵族。 | [Validation] 贵族。"
Innocent X,3,Person,"Giovanni Battista Pamphilj | Innocent X, Pope | Pamfili, Gianbattista (Pope Innocent X)",[Disambiguation] 教皇英诺森十世。 | [Validation] 教皇。 | 教皇英诺森十世。
Jan van den Eynde,3,Person,"Jan van den Eynde | Vandeneynde, Jan | den Einden, Jan van",[Validation] 那不勒斯佛兰芒商人/收藏家 (Ferdinand van den Eynde的兄弟/亲戚)。 | 佛兰芒建筑师/商人，活跃于那不勒斯。 | 佛罗伦萨/那不勒斯富商/收藏家。
John Udny,3,Person,"John Fullarton Udny | Udney, John | Zuane Udni","[Dialect/OCR] 威尼斯方言 ""Zuane"" = Giovanni = John; ""Udni"" = Udny (Consul John Udny)。 | [Spelling Fix] 英国驻威尼斯领事 (Consul Udny)。 | [Validation] 英国驻威尼斯/里窝那领事 (收藏家)。"
Archivio di Stato di Venezia (Sezione Notarile),3,Organization,"Sezione Notarile, Venice | Venice Notarial Section | Venice-Sezione Notarile",[Category Fix] | [Category Fix] 威尼斯国家档案馆公证处。
"Louis Phélypeaux, marquis de La Vrillière",3,Person,"La Vrillière, Louis Phélipeaux de | Louis Phélypeaux de La Vrillière | Vrilliere",[Category Fix] 原文误标为 Place。法国国务大臣，著名收藏家。 | [Validation] 法国政治家/收藏家。 | [Validation] 法国政治家。
Monsieur de Blainville,3,Person,"Blainville | Blainville, Monsieur de | Jean Armand de Blainville",[Disambiguation] 旅行家 (著有Travels)。 | [Disambiguation] 旅行记作者 (可能化名)。 | [Validation] 同上。
Nicolas-Claude Fabri de Peiresc,3,Person,"Nicolas-Claude Fabri de Peiresc | Peiresc, Nicolas-Claude-Fabri de | Provencal antiquary Peiresc",[Category Fix] 原文误标为 Place。Peiresc 是普罗旺斯人。 | nan | 著名的学者和古董收藏家。
San Giorgio Maggiore,3,Place,Church of San Giorgio Maggiore | S. Giorgio Maggiore | San Giorgio Monastery,[Validation] 威尼斯教堂。 | 威尼斯修道院。 | 威尼斯教堂（帕拉迪奥）。
Santa Maria della Concezione dei Cappuccini,3,Place,Capuchin church in Rome | S.Maria della Concezione | Santa Maria della Concezione...,[Disambiguation] 罗马嘉布遣会教堂。 | 罗马嘉布遣会教堂。 | 罗马骨骸寺。
Santa Maria di Nazareth (Scalzi),3,Place,Santa Maria degli Scalzi | Santa Maria di Nazareth Basilica | Scalzi,[Category Fix] 威尼斯赤足教堂（通常简称 Scalzi）。 | 威尼斯赤足教堂。
Scuola Grande di San Rocco,3,Organization,"San Rocco, Scuola di | Scuola Grande di San Rocco | Scuola di San Rocco",[Duplicate] 同上。 | 威尼斯圣罗格大会堂。 | 威尼斯圣罗格大会堂（丁托列托）。
The Rape of the Sabine Women,3,Work,Rape of the Sabine Women | Rape of the Sabines | The Rape of the Sabine Women,[Category Fix] | [Category Fix] 普桑、詹博洛尼亚作品。 | [Category Fix] 萨宾妇女的劫夺。
Biblioteca del Museo Correr,3,Organization,Biblioteca Correr | Correr Library | Museo Correr Library,[Category Fix] 博物馆图书馆。 | [Validation] 威尼斯图书馆。
Henriette Adelaide of Savoy,3,Person,"Henriette Adelaide of Savoy | Princess Henriette Adelaide of Savoy | Savoy, Adelaide Enrichetta of",[Validation] 巴伐利亚选帝侯夫人。 | 巴伐利亚选帝侯夫人。
Anna Maria Luisa de' Medici,2,Person,"Anna Maria Luisa de' Medici | Medici, Anna Maria Ludovica de'...",[Validation] 美第奇家族最后一位直系成员。 | 普法尔茨选帝侯夫人，美第奇家族最后一位直系成员。
Martino Longhi the Elder,2,Person,"Longhi, Martino, the Elder | Martino Longhi",[Validation] 建筑师。 | 建筑师老马蒂诺·朗吉。
Michiel Sweerts,2,Person,"Michiel Sweerts | Sweerts, Michael",佛兰芒巴洛克画家。 | 佛兰芒画家。
Michele Giustiniani,2,Person,"Giustiniani, Abbate Michele | Michele Giustiniani",17世纪作家。 | [Reconstruction] 历史学家/作家。
Michelangelo,2,Person,Michelangelo | Michelangelo di Lodovico Buonarroti Simoni,[Merge Candidate] 米开朗基罗全名。 | 米开朗基罗。
"Maximilian II Emanuel, Elector of Bavaria",2,Person,"Max Emmanuel, Elector of Bavaria | Maximilian, Prince, Elector of Bavaria",[Merge Candidate] 指向 Max Emmanuel。 | 巴伐利亚选帝侯。
Mauro Antonio Tesi,2,Person,"Mauro Antonio Tesi | Tesi, Mauro",18世纪博洛尼亚画家和建筑师。 | 别名 Maurino。
Mattia de' Rossi,2,Person,"Mattia de Rossi | Rossi, Mattia de'",建筑师（贝尼尼学生）。 | 建筑师，贝尼尼的学生和助手。
Matthäus Daniel Pöppelmann,2,Person,"Matth?us Daniel P?ppelmann | P?ppelmann, Matthes Daniel","[OCR Fix] ""P?ppelmann"" -> ""Pöppelmann""。德累斯顿建筑师。 | [OCR Fix] 乱码修复。德累斯顿茨温格宫的建筑师。"
Massimiliano Soldani Benzi,2,Person,"Massimiliano Soldani Benzi | Soldani, Massimiliano",佛罗伦萨雕塑家/章牌师。 | 佛罗伦萨雕塑家和章牌制作者。
Masaniello,2,Person,Masanella | Masaniello,"[OCR/Typo Fix] 极可能是 ""Masaniello""（那不勒斯渔民起义领袖）的误拼。 | 托马索·阿涅洛（Tommaso Aniello），那不勒斯起义领袖。"
Martino Longhi the Younger,2,Person,"Longhi, Martino, the Younger | Martino Longhi the Younger",[Validation] 建筑师。 | 建筑师小马蒂诺·朗吉。
Mario Nuzzi,2,Person,"Mario Nuzzi | Nuzzi, Mario (Mario de' Fiori)","别名 ""Mario dei Fiori""，以画花卉著称。 | 别名 Mario dei Fiori，花卉画家。"
Ludovico Antonio Muratori,2,Person,"Ludovico Antonio Muratori | Muratori, L. A.",[Validation] 历史学家/学者。 | 意大利历史学家。
Mario Minniti,2,Person,"Mario Minniti | Minitti, Mario","[OCR Fix] ""Minitti"" -> ""Minniti""。卡拉瓦乔的朋友/模特。 | 卡拉瓦乔的朋友和模特，西西里画家。"
Mario Chigi,2,Person,"Chigi, Don Mario (brother to Pope Alexander VII) | Mario Chigi",[Reconstruction] 教皇兄弟。 | 基吉家族成员（如教皇亚历山大七世的兄弟）。
Marie de' Medici,2,Person,"Marie de' Medici | Medici, Marie de",法国玛丽·德·美第奇王后。
Marie Thérèse Rodet Geoffrin,2,Person,"Geoffrin, Mme | Marie Th谷r豕se Rodet Geoffrin",[Disambiguation] 著名沙龙女主人。 | [OCR Fix] 乱码修复。若弗兰夫人，著名的沙龙女主人。
Marguerite Louise d'Orléans,2,Person,"Marguerite Louise d'Orl谷ans | Orleans, Margherite d'","[OCR Fix] 乱码修复 ""Orl谷ans"" -> ""Orléans""。托斯卡纳大公夫人。 | 托斯卡纳大公夫人。"
Marche,2,Place,Marche | Marches,"""Marche"" 的英语复数形式，标准化为 Marche。 | 意大利马尔凯大区。"
Marcantonio Chiarini,2,Person,"Chiarini, Marcantonio | Marc'Antonio Chiarini",[Reconstruction] 博洛尼亚画家 (Quadraturista)。 | [Validation] 博洛尼亚画家 (Quadraturista)。
Macerata,2,Place,Macerata | Municipality of Macerata,[Category Fix] 马切拉塔市政府。 | [Validation] 城市。
Ludovico Ludovisi,2,Person,"Ludovico Ludovisi | Ludovisi, Ludovico (nephew to Pope Gregory XV)",[Validation] 枢机主教/收藏家。 | [Validation] 枢机主教。
Ludovico Gimignani,2,Person,"Gimignani, Lodovico | Ludovico Gimignani",[Reconstruction] 罗马画家。 | [Validation] 罗马画家。
Alessandro Farnese (Cardinal),2,Person,"Alessandro Farnese (cardinal) | Farnese, Cardinal Alessandro",[Reconstruction] 可能是指教皇保罗三世之前的身份，或其孙子 Alessandro Farnese il Giovane。需结合语境。通常指 il Giovane (著名赞助人)。 | [Validation] 法尔内塞枢机。
Niccolò Circignani,2,Person,"Niccol辰 Circignani | Pomarance, Niccol辰 Circignani dalle","[OCR Fix] ""Niccol辰"" -> ""Niccolò""。别名 Il Pomarancio。 | [OCR Fix] ""辰"" -> ""ò""。别名 Il Pomarancio。"
Niccolò Machiavelli,2,Person,Machiavelli | Niccol辰 Machiavelli,"[Disambiguation] 马基雅维利。 | [OCR Fix] ""辰"" -> ""ò""。马基雅维利。"
Niccolò Maria Pallavicini,2,Person,"Marchese Niccolo Maria Pallavicini | Pallavicini, Marchese Niccol辰 Maria","[OCR Fix] ""辰"" -> ""ò""。 | 罗马重要的艺术赞助人（Maratti 的赞助者）。"
Paola Zambelli,2,Person,"Paola Zambelli | Zambelli, Dr Paola",现代哲学史学家。 | 科学史学家。
Palma il Giovane,2,Person,"Jacopo Palma il Giovane | Palma, Jacopo (il Giovane)",[Validation] 威尼斯画家。 | 威尼斯画家小帕尔马。
Palazzo Pitti,2,Place,Palazzo Pitti | Pitti Palace,[Category Fix] 原文误标为 Man-Made Object。 | 佛罗伦萨皮蒂宫。
Palazzo Pamphilj (Piazza Navona),2,Place,Palazzo Pamphilj | Pamfili palace (Piazza Navona),[Category Fix] 原文误标为 Man-Made Object。 | 罗马纳沃纳广场的潘菲利宫。
Palazzo Medici Riccardi,2,Place,Palazzo Medici Riccardi | Riccardi palace,[Category Fix] 佛罗伦萨宫殿。 | 佛罗伦萨美第奇-里卡迪宫。
Palazzo Manin,2,Place,Manin palace | Palazzo Manin,[Category Fix] 原文误标为 Work。 | 威尼斯宫殿（现为意大利银行）。
Palazzo Gondi,2,Place,Gondi palace | Palazzo Gondi,[Validation] 佛罗伦萨宫殿。 | 佛罗伦萨宫殿。
Palazzo Foscarini (Venice),2,Place,Marco Foscarini's palace | Palazzo Foscarini,nan | 位于威尼斯 Carmini 的宫殿。
Palazzo Farnese,2,Place,Farnese Palace | Palazzo Farnese,[Category Fix] 原文误标为 Work。 | 罗马法尔内塞宫。
Palazzo Colonna,2,Place,Colonna palace | Palazzo Colonna,[Validation] 罗马宫殿。 | 罗马科隆纳宫。
Palazzo Clerici,2,Place,Clerici Palace | Palazzo Clerici,[Validation] 米兰宫殿 (提埃坡罗壁画)。 | 米兰宫殿（提埃坡罗壁画）。
Palazzo Barberini,2,Place,Barberini palace | Palazzo Barberini,[Validation] 罗马宫殿。 | 罗马巴贝里尼宫。
Pacecco De Rosa,2,Person,"Pacecco De Rosa | Rosa, Paceco de",(Francesco De Rosa) 那不勒斯画家。 | 那不勒斯画家。
Owen McSwiny,2,Person,Owen McSwiny | Owen Swiny,[Merge Candidate] 同 Owen McSwiny。 | 剧院经理，卡纳莱托等人的经纪人。
Ottavio Novaroli,2,Person,"Novaroli, P. Octavio | Ottavio Novaroli","17世纪人物（可能是神职人员）。 | [Duplicate] 同 Novaroli, P. Octavio。"
Orazio Riminaldi,2,Person,Orazio Riminaldi | Riminaldi,比萨画家。
Orazio Arrighi Landini,2,Person,"Arrighi-Landini, Orazio | Orazio Arrighi Landini",17世纪人物。 | [Reconstruction] 18世纪作家/翻译家。
Nymphenburg Palace,2,Place,"Munich, Nymphenburg palace | Nymphenburg",宁芬堡。 | 慕尼黑宁芬堡宫。
Agostino Chigi,2,Person,"Agostino Andrea Chigi | Chigi, Agostino 'il Magnifico'",[Disambiguation] 基吉家族成员。 | [Reconstruction] 文艺复兴银行家。
Nicolas Malebranche,2,Person,"Malebranche, Nicolas de | Nicolas Malebranche",[Validation] 哲学家。 | 哲学家。
Niccolò Sagredo,2,Person,"Nicol辰 Sagredo | Sagredo, Niccol辰","[OCR Fix] ""辰"" -> ""ò""。威尼斯总督。"
Ludovico Ariosto,2,Person,Ariosto | Ludovico Ariosto,[Disambiguation] 诗人 (疯狂的奥兰多)。 | [Validation] 诗人 (Orlando Furioso)。
Alessandro Marchesini,2,Person,"Alessandro Marchesini | Marchesini, Alessandro",[Category Fix] 原文误标为 Man-Made Object。维罗纳画家。 | [Validation] 画家。
Paolo Gerolamo Piola,2,Person,"Paolo Gerolamo Piola | Piola, Paolo Girolamo",热那亚画家。
Alessandro Zen,2,Person,"Alessandro Zen | Zen, Procurator Alessandro",[Validation] 威尼斯贵族。 | 威尼斯检察官。
Jerónimo Nadal,2,Person,"Jeroni Nadal | Nadal, Jerome",(Jerome Nadal) 耶稣会神学家，反宗教改革图像学重要人物。 | [Validation] 耶稣会士 (Nadal's Gospel Illustrations)。
Jerome Bankes,2,Person,Jerome Bankes | Jerome Bankes (1635/36-1686),[Category Fix] 原文误标为 Man-Made Object。 | [Validation] 英国旅行者/赞助人。
Jennifer Montagu,2,Person,"Jennifer Ellis Rachel Montagu | Montagu, Jennifer",[Validation] 艺术史学家。 | 现代著名艺术史学家（巴洛克雕塑权威）。
Jean-Honoré Fragonard,2,Person,"Fragonard, Jean Honoré | Jean-Honoré Fragonard",[Reconstruction] 法国画家。 | [Validation] 法国画家。
Jean-François de La Harpe,2,Person,Jean-Fran?ois de La Harpe | La Harpe,"[Disambiguation] 评论家。 | [OCR Fix] ""?"" -> ""ç""。"
Jean-François Millet,2,Person,"Jean-Fran?ois Millet | Millet, Jean-Fran?ois","[OCR Fix] ""?"" -> ""ç""。 | [OCR Fix] 乱码修复 ""?ois"" -> ""çois""。"
Jean-Baptiste-Siméon Chardin,2,Person,"Chardin, Jean Baptiste Siméon | Jean-Baptiste-Siméon Chardin",[Validation] 法国画家。
Jean-Baptiste Théodon,2,Person,"Jean-Baptiste Théodon | Th谷odon, Jean Baptiste","[OCR Fix] ""Th谷odon"" -> ""Théodon""。法国雕塑家。 | [Validation] 法国雕塑家。"
Jean-Antoine Watteau,2,Person,"Jean Antoine Watteau | Watteau, Antoine",[Validation] 法国画家。 | 华托。
Jean-Antoine Nollet,2,Person,"Jean-Antoine Nollet | Nollet, Abb谷","[OCR Fix] ""Abb谷"" -> ""Abbé""。物理学家。 | [Validation] 物理学家 (Abbé Nollet)。"
Jan Baptist de Wael,2,Person,"Jan Baptist de Wael | Wael, Jean-Baptiste de",[Validation] 佛兰芒画家/版画家。 | 佛兰芒画家。
Lothar Franz von Schönborn,2,Person,"Lothar Franz von Sch?nborn | Sch?nborn, Lothar Franz von","[OCR Fix] ""?"" -> ""ö""。美因茨选帝侯。 | [OCR Fix] 美因茨选帝侯。"
James Francis Edward Stuart,2,Person,"James Francis Edward Stuart, Prince of Wales | James III of England",[Disambiguation] 老僭王 (自称詹姆斯三世)。 | [Validation] 老僭王。
James Byam Shaw,2,Person,James Byam Shaw | John Byam Lister Shaw,[Correction] 可能是混淆了 John Byam Shaw (画家) 和 James Byam Shaw (艺术史学家)。上下文多为艺术史，James Byam Shaw 是威尼斯画派素描专家。 | [Validation] 艺术史学家 (Venetian drawings)。
"James Brydges, 1st Duke of Chandos",2,Person,"Chandos, James Brydges, 1st Duke of | James Brydges",[Validation] 贵族/赞助人。
Jakob Christoph Le Blon,2,Person,"Jacob Christoph Le Blon | LeBlon, Jakob Christoffel",[Validation] 德国/法国版画家。 | [Validation] 版画家 (彩色版画发明者)。
Jacques-Bénigne Bossuet,2,Person,"Bossuet, Jacques-Bénigne | Jacques Bénigne Bossuet",[Reconstruction] 法国主教/布道家。 | [Validation] 主教/作家。
Jacques and Guillaume Courtois,2,Group,"Cortese, Giacomo and Guglielmo | Courtois, Jacques and Guillaume",[Split Required] 兄弟画家 (Il Borgognone)。 | [Validation] 兄弟画家。
Jacques Duyvelant,2,Person,"Duyvelant, Jacques | Jacques Duyvdant",[Reconstruction] 佛兰芒画家。 | [Validation] 17世纪佛兰芒画家 (Antwerp)。
Jacques Courtois (Il Borgognone),2,Person,"Borgognone, Giacomo (Jacques Courtois) | Jacques Courtois",[Disambiguation] 雅克·库尔图瓦 (战斗画家)。 | [Validation] 画家。
Jacopo Pedozzi,2,Person,"Jacopo Pedozzi | Pedozzi, Padre Jacopo",[Validation] 灰泥艺术家 (18世纪)。 | nan
Jacopo Morelli,2,Person,"Iacopo Morelli | Morelli, Jacopo",[Validation] 圣马可图书馆馆长。 | 著名的圣马可图书馆馆长。
Johann Bernhard Fischer von Erlach,2,Person,"Erlach, Fischer von | Johann Bernhard Fischer von Erlach",[Reconstruction] 奥地利巴洛克建筑师。 | [Validation] 奥地利建筑师。
Johann Christian Brand,2,Person,"Brand, Johannes Christian | Johann Christian Brand",[Disambiguation] 奥地利风景画家。 | [Validation] 奥地利画家。
Johann Christoph Pepusch,2,Person,"Johann Christoph Pepusch | Pepusch, Dr",[Validation] 作曲家。 | 德国作曲家，活跃于伦敦。
Johann Christoph Storer,2,Person,"Johann Christoph Storer | Storer, Cristoforo",(Cristoforo Storer) 康斯坦茨出生的画家，活跃于米兰。 | [Validation] 画家。
Lodovico Furlanetto,2,Person,"Furnaletto, Lodovico | Lodovico Furlanetto","[OCR Fix] ""Furnaletto"" -> ""Furlanetto"" (威尼斯出版商)。 | [Validation] 威尼斯出版商。"
"Leopold II, Holy Roman Emperor",2,Person,"Leopold I, Grand Duke of Tuscany | Leopold II, Holy Roman Emperor",[Disambiguation] 托斯卡纳大公 Leopold I 继位为神圣罗马皇帝 Leopold II。 | [Validation] 同上。
Leonardo Valmarana,2,Person,"Leonardo, Conte di Valmarana | Valmarana, Leonardo",[Validation] 贵族。 | 帕拉迪奥的赞助人。
Leonaert Bramer,2,Person,"Bramer, Leonard | Leonaert Bramer",[Disambiguation] 荷兰画家。 | [Validation] 荷兰画家。
Laurent Cars,2,Person,"Cars, Laurence | Laurent Cars","[OCR Fix] ""Laurence"" -> ""Laurent""。法国版画家。 | [Validation] 法国版画家。"
Karl Philipp von Greiffenclau,2,Person,"Greiffenklau, Karl Philip von | Karl Philipp von Greiffenklau",[Validation] 维尔茨堡采邑主教 (Tiepolo赞助人)。 | [Validation] 维尔茨堡采邑主教。
Karl Ludwig von Pöllnitz,2,Person,"Karl Ludwig Freiherr von P?llnitz | P?llnitz, Baron de","[OCR Fix] ""?"" -> ""ö""。回忆录作者。 | [OCR Fix] ""P?llnitz"" -> ""Pöllnitz""。普鲁士回忆录作家。"
Jusepe de Ribera,2,Person,"Jusepe de Ribera | Ribera, Giuseppe",[Validation] 西班牙画家。 | 别名 Spagnoletto。
Jules Mazarin,2,Person,"Mazarin, Cardinal | Mazzarini, Giulio",马萨林枢机。 | 马萨林枢机的意大利原名。
Judith with the Head of Holofernes,2,Work,Judith with the Head of Holofernes | Judith with the head of Holofernes,[Validation] 绘画主题。
Joseph Addison,2,Person,Addison | Joseph Addison,[Category Fix] 误标为 Work (E22)。英国作家/政治家。 | [Validation] 作家/政治家。
Alessandro Peretti di Montalto,2,Person,"Alessandro Peretti di Montalto | Peretti-Montalto, Cardinal Alessandro",[Validation] 枢机主教。 | 红衣主教蒙塔尔托。
John Skippe,2,Person,"John Henry Skippe | Skippe, John",[Validation] 业余艺术家/收藏家 (Chiaroscuro woodcuts)。 | 英国业余艺术家/鉴赏家。
"John Sheffield, 1st Duke of Buckingham and Normanby",2,Person,"Buckingham, John Sheffield, Duke of | John Sheffield, 1st Duke of Buckingham and Normanby",[Full Name] 诗人/政治家。 | [Validation] 政治家/作家。
"John Hervey, 2nd Baron Hervey",2,Person,"Hervey, Lord | John Hervey, 2nd Baron Hervey",[Disambiguation] 赫维勋爵 (回忆录作者)。 | [Validation] 赫维勋爵。
John Closterman,2,Person,"Clostermann, John | John Closterman",[Validation] 肖像画家。
"John Cecil, 5th Earl of Exeter",2,Person,"Exeter, 5th Lord | John Cecil, 5th Earl of Exeter",[Disambiguation] 伯利勋爵/Grand Tour 旅行者。 | [Validation] 伯利勋爵/大旅行者。
"Johann Wilhelm, Elector Palatinate",2,Person,"Johann Wilhelm | Johann Wilhelm, Elector Palatinate",[Disambiguation] 普法尔茨选帝侯。 | [Validation] 同上。
Johann Philipp Franz von Schönborn,2,Person,"Johann Philipp Franz von Sch?nborn | Sch?nborn, Johann Philip Franz","[OCR Fix] | [OCR Fix] ""?"" -> ""ö""。维尔茨堡采邑主教。"
Alessandro Vassalli,2,Person,"Alessandro Vasalli | Vassalli, Alessandro","[OCR Fix] 疑似 ""Vassalli"" (17世纪出版商/刻工)。 | nan"
Johann Joachim Winckelmann,2,Person,"Johann Joachim Winckelmann | Winckelmann, J. J.",[Validation] 艺术史之父。 | 温克尔曼。
Paolo Emilio Sfondrati,2,Person,"Paolo Emilio Sfondrati | Sfondrato, Cardinal",红衣主教 Sfondrati（圣塞西莉亚赞助人）。 | 红衣主教（圣塞西莉亚遗骸发现者）。
Paolo Giordano I Orsini,2,Person,"Bracciano, Paolo Giordano I Orsini, Duke of | Paolo Giordano I Orsini",[Reconstruction] 第一代布拉恰诺公爵。 | 布拉恰诺公爵。
Anne of Austria,2,Person,"Anne d’Autriche | Anne of Austria, Regent of France",[Category Fix] 原文误标为 Place。 | [Validation] 奥地利的安妮 (法国王后)。
Sebastiano Marcotti,2,Person,Sebastiano Marcotti,17世纪版画家（活跃于那不勒斯）。 | [Duplicate]
Taddeo Barberini,2,Person,"Barberini, Taddeo (nephew to Urban VIII) | Taddeo Barberini",[Reconstruction] 帕莱斯特里纳亲王。 | 帕莱斯特里纳亲王（教皇乌尔班八世的侄子）。
Stendhal,2,Person,Marie-Henri Beyle | Stendhal,作家司汤达的原名，以写意大利游记和艺术评论著称。 | 司汤达。
Statue of Field Marshal Schulenburg,2,Work,"Statue of Field Marshal Schulenburg | Statue of Schulenburg, Kerkyra",[Category Fix] 科拉迪尼的作品（科孚岛）。 | [Duplicate] 同 3582。
Stanisław August Poniatowski,2,Person,"Stanis?aw August Poniatowski | Stanislas Poniatowski, King of Poland","[Duplicate] 同上。 | [OCR Fix] ""?"" -> ""ł""。波兰国王。"
Stamperia Albrizzi,2,Organization,Nella Stamperia Albrizziana | Stamperia Albrizziana,[Category Fix] 威尼斯印刷厂。 | [Category Fix] 威尼斯著名出版商 Albrizzi。
St. Peter's Basilica,2,Place,St. Peter's Basilica | Vatican Papal Basilica,圣彼得大教堂。 | 梵蒂冈圣彼得大教堂。
Sixtus V,2,Person,"Peretti, Felice (Pope Sixtus V) | Sixtus V",教皇西克斯图斯五世。
"Sir Thomas Isham, 3rd Baronet",2,Person,"Sir Thomas Isham (1656每1681), 3rd Bt Isham | Thomas Isham","17世纪日记作者/旅行者。 | [OCR Fix] ""每"" -> ""–""。[Category Fix] 原文误标为 Man-Made Object。"
Secondo Lancellotti,2,Person,"Lancellotti, Abate | Secondo Lancellotti",17世纪作家（《L'Hoggidì》）。 | [Reconstruction] 作家 (L'Hoggidì)。
Sebastiano Resta,2,Person,"Resta, Padre Sebastiano | Sebastiano Resta",著名的素描收藏家（Padre Resta）。 | 著名的绘画收藏家/鉴赏家。
Sebastiano Bombelli,2,Person,Bombelli Sebastiano | Sebastiano Bombelli,[Reconstruction] 威尼斯肖像画家。 | 威尼斯肖像画家。
Sant'Agnese in Agone,2,Place,S. Agnese | Sant'Agnese in Agone,罗马教堂。 | 罗马教堂（Piazza Navona）。
Accademia Albrizziana,2,Organization,Accademia Albrizziana | Accbremia Albrizziana,"[OCR Fix] 修正 ""Accbremia"" 为 ""Accademia""。同 Row 23。 | [Validation] 威尼斯文学学会 (Albrizzi)。"
Scuola Grande dei Carmini,2,Place,Scuola Grande dei Carmini | Scuola del Carmine,[Duplicate] 同上。 | 威尼斯卡尔米尼大会堂。
Scipione Borghese,2,Person,Cardinal Scipione Borghese | Scipione Borghese,[Category Fix] 原文误标为 Work。 | 红衣主教希皮奥内·博尔盖塞（贝尼尼的赞助人）。
Sassoferrato,2,Place,Sassoferrato | Sassoferrato (Giovan Battista Salvi),(Giovanni Battista Salvi da Sassoferrato) 画家。 | 马尔凯大区城镇。
"Sarah Churchill, Duchess of Marlborough",2,Person,"Marlborough, Duchess of | Sarah Churchill",著名的马尔伯勒公爵夫人。 | 马尔伯勒公爵夫人。
Santissima Annunziata,2,Place,Annunziata | Santissima Annunziata,[Disambiguation] 指代教堂或广场。 | 佛罗伦萨著名教堂。
Accademia degli Umoristi,2,Organization,Accademia degli Umoristi | Umoristi,[Validation] 罗马文学学会。 | 罗马文学学院。
Santa Maria della Vittoria,2,Place,S.Maria della Vittoria | Santa Maria della Vittoria,罗马教堂。 | 罗马教堂（贝尼尼《圣特蕾莎》所在地）。
Santa Maria della Salute,2,Place,Santa Maria della Salute | chiesa della Salute,威尼斯安康圣母堂。
Accademia dei Lincei,2,Organization,Accademia dei Lincei | Lincean Academy,[Category Fix] 原文误标为 Place。 | [Validation] 猞猁之眼国家科学院。
Teofilo Gallaccini,2,Person,"Gallacini, Teofilo | Teofilo Gallaccini","[OCR Fix] ""Gallacini"" -> ""Gallaccini"" (锡耶纳学者/建筑理论家)。 | 锡耶纳学者/建筑理论家。"
The Abduction of Helen,2,Work,Rape of Helen | The Abduction of Helen,[Category Fix] 圭多·雷尼等人的画作。 | [Category Fix] 常见神话主题。
The Banquet of Cleopatra,2,Work,The Banquet of Antony and Cleopatra | The Banquet of Cleopatra,[Category Fix] | [Category Fix] 提埃坡罗的著名画作。
The Baptism of Christ,2,Work,The Baptism | The Baptism of Christ,[Category Fix] | [Category Fix] 耶稣受洗图。
Vivant Denon,2,Person,"Non, Dominique De (Dominique Vivant-Denon) | Vivant-Denon, Dominique",卢浮宫首任馆长。
Vitruvius,2,Person,Marcus Vitruvius Pollio | Vitruvius,建筑师维特鲁威。 | 维特鲁威。
Virgin by Bassanino,2,Work,"Bassanino, Virgilio | Virgil Bassanino","[Correction] 依据指令修正：原文 ""Virgilio Bassanino"" 极大概率为 ""Virgin by Bassanino"" (Jacopo Bassano作品) 的误读。 | [OCR/Typo Fix] 极可能是 ""Virgin [painted] by Bassanino"" (Jacopo Bassano 或家族成员) 的误读。"
Virgil,2,Person,Publius Vergilius Maro | Virgil,维吉尔。 | 诗人维吉尔。
Vincenzo Giustiniani,2,Person,"Giustiniani, Marchese Vincenzo | Vincenzo Giustiniani",[Category Fix] 原文误标为 Man-Made Object。著名收藏家/侯爵。 | 著名的银行家与艺术收藏家（Caravaggio赞助人）。
Villa di Pratolino,2,Place,Pratolino | Villa di Pratolino,美第奇别墅。 | 美第奇别墅（Demidoff）。
Villa Valmarana ai Nani,2,Place,Villa Valmarana | Villa Valmarana ai Nani,[Duplicate] 同上。 | 维琴察别墅（提埃坡罗壁画）。
Villa Contarini,2,Place,Contarini villa | Villa Contarini,[Category Fix] 原文误标为 Work。 | 威尼托别墅（Piazzola sul Brenta）。
Victor Amadeus II of Sardinia,2,Person,"Savoy, Vittorio Amedeo II, Duke of | Victor Amadeus II of Savoy",萨伏伊公爵/撒丁国王。 | 萨伏伊公爵，撒丁国王。
Urban VIII,2,Person,"Barberini, Maffeo (Pope Urban VIII) | Urban VIII",[Disambiguation] 教皇乌尔班八世。 | 教皇乌尔班八世。
Toussaint Dubreuil,2,Person,"Breuil, Toussaint du | Toussaint Dubreuil",[Reconstruction] 法国枫丹白露画派画家。 | 法国枫丹白露画派画家。
"Thomas Pelham-Holles, 1st Duke of Newcastle",2,Person,"Newcastle, Thomas Pelham-Holles, Duke of | Thomas Pelham-Holles, 1st Duke of Newcastle-upon-Tyne",[Category Fix] 原文误标为 Man-Made Object。 | nan
"Thomas Coke, 1st Earl of Leicester",2,Person,"Coke, Mr | Thomas Coke, 1st Earl of Leicester","[Context] ""Mr Coke"" 常指 Thomas Coke (Holkham Hall 建造者/收藏家)。 | 霍尔克姆大厅的主人。"
The Triumph of the Name of Jesus,2,Work,The Triumph of the Name of Jesus | Triumph of the Name of Jesus,[Category Fix] Il Gesù 教堂的天顶画（Baciccio）。 | [Category Fix] 罗马耶稣会教堂天顶画。
The Triumph of Venice,2,Work,The Triumph of Venice | Triumph of Venice,[Category Fix] 提埃坡罗 (Palazzo Pisani) 或 Pompeo Batoni 的画作。 | [Category Fix] 提埃坡罗或 Veronese 的画作。
The Sacrifice of Isaac,2,Work,Sacrifice of Abraham | The Sacrifice of Isaac,[Category Fix] 以撒的献祭。 | [Category Fix] 常见的艺术主题。
The Sacrifice of Iphigenia,2,Work,Sacrifice of Iphigenia | The Sacrifice of Iphigenia,[Category Fix] 伊菲革涅亚的献祭。 | [Category Fix] 提埃坡罗等人的画作。
Abraham Nicolas Amelot de la Houssaye,2,Person,"Abraham Nicolas Amelot de la Houssaye | Amelot de la Houssaye, A. N.",[Reconstruction] 名字倒装复原。 | [Validation] 历史学家。
The Nativity,2,Work,Nativity | The Nativity,[Category Fix] 耶稣诞生图。 | [Category Fix] 耶稣降生。
The Judgment of Paris,2,Work,The Judgement of Paris | The Judgment of Paris,[Category Fix] 同上。 | [Category Fix] 帕里斯的裁判。
The Deposition from the Cross,2,Work,The Deposition from the Cross | The Deposition from the Cross/Deposition,[Category Fix]
Accademia dell'Arcadia,2,Group,"Arcadia, Society of | Society of Arcadia",[Category Fix] 阿卡迪亚学院。 | [Disambiguation] 阿卡迪亚学院。
San Zaccaria,2,Place,"San Zaccaria | San Zaccaria, Venice",[Duplicate] 同上。 | 威尼斯教堂。
Paolo Giordano II Orsini,2,Person,"Bracciano, Paolo Giordona II Orsini, Duke of | Paolo Giordano Orsini II","[OCR Fix] ""Giordona"" -> ""Giordano""。 | 艺术赞助人，诗人。"
Pierre-Jean Grosley,2,Person,"Grosley, Pierre Jean | Pierre-Jean Grosley",[Validation] 法国作家 (Nouveaux mémoires sur l'Italie)。 | 法国旅行作家。
Pietro de' Pietri,2,Person,"Pietri, Pietro di | Pietro da Pietri",nan | 罗马晚期巴洛克画家。
Pietro da Cortona,2,Person,"Berrettini, Pietro (Pietro da Cortona) | Pietro da Cortona",[Disambiguation] 皮耶特罗·达·科尔托纳。 | 皮埃特罗·达·科尔托纳。
Pietro Santi Bartoli,2,Person,"Bartoli, Pietro Santo | Pietro Santi Bartoli","[OCR Fix] 修正 ""Santo"" 为 ""Santi""。版画家/古物学家。 | 罗马版画家/古董学者。"
Pietro Paltronieri,2,Person,"Paltronieri, Pietro ('il Mirandolese') | Pietro Paltronieri",别名 Il Mirandolese。 | 别名 Il Mirandolese，透视画法画家。
Pietro Ottoboni,2,Person,"Ottoboni, Cardinal Pietro (nephew...) | Pietro Ottoboni",著名的红衣主教与艺术赞助人。 | 著名的艺术赞助人，亚历山大八世的侄孙。
Pietro Francavilla,2,Person,"Francavilla, Pietro | Pietro Francavilla",(Pierre de Francqueville) 佛罗伦萨雕塑家。 | [Category Fix] 原文误标为 Man-Made Object。雕塑家。
Pietro Antonio Zaguri,2,Person,"Pietro Antonio Zaguri | Zaguri, Pietro",威尼斯参议员/赞助人。 | 威尼斯贵族/赞助人。
Pietro Aldobrandini,2,Person,"Aldobrandini, Cardinal Pietro (nephew of Pope Clement VIII) | Pietro Aldobrandini",[Disambiguation] 彼得罗·阿尔多布兰迪尼枢机。 | 红衣主教，重要赞助人。
Pieter Mulier the Younger,2,Person,"Mulier, Pietro | Pieter Mulier","别名 ""Il Tempesta""。 | 别名 Il Tempesta。"
Pierre-Étienne Monnot,2,Person,"Monnot, Pierre | Pierre-谷tienne Monnot","[OCR Fix] ""谷tienne"" -> ""Étienne""。雕塑家。 | 法国雕塑家，主要活跃于罗马。"
Pierre Louis Maupertuis,2,Person,"Maupertuis, Pierre-Louis | Pierre-Louis Moreau de Maupertuis",数学家/天文学家。 | 法国数学家和哲学家。
San Giovanni Decollato,2,Place,S.Giovanni Decollato | San Giovanni Decollato,罗马或威尼斯教堂。 | 罗马教堂。
Piazza della Santissima Annunziata,2,Place,Annunciation Square | piazza della Santissima Annunziata,[Standardization] 佛罗伦萨广场。 | 佛罗伦萨广场。
Philips Wouwerman,2,Person,"Philips Wouwerman | Wouwermans, Philips",荷兰画家。
"Philippe II, Duke of Orléans",2,Person,"Orleans, Philippe d', Regent | Philippe II, Duke of Orl谷ans","[OCR Fix] ""Orl谷ans"" -> ""Orléans""。 | 法国摄政王。"
Peter Anthony Motteux,2,Person,"Motteux, Pierre | Peter Anthony Motteux",(Pierre Antoine Motteux) 作家/翻译家。 | (Pierre Antoine Motteux) 法国出生的英国剧作家/翻译家。
Pedro Berruguete,2,Person,"Berreguete, Pedro | Pedro Berruguete","[OCR Fix] ""Berreguete"" -> ""Berruguete""。 | 西班牙画家。"
Paul V,2,Person,"Borghese, Camillo (Pope Paul V) | Paul V, Pope",[Disambiguation] 教皇保罗五世。 | 教皇保罗五世（Borghese）。
Paul Fréart de Chantelou,2,Person,"Chantelou, Paul-Fréart de | Paul Fr谷art de Chantelou","[OCR Fix] ""Fr谷art"" -> ""Fréart""。贝尼尼在法国的向导。 | [Reconstruction] 贝尼尼在法国的接待者/日记作者。"
Parmigianino,2,Person,"Girolamo Francesco Maria Mazzola | Parmigianino, Francesco",[Category Fix] 原文误标为 Place。帕尔米贾尼诺。 | [Disambiguation] 帕尔米贾尼诺。
Paolo Veronese,2,Person,Paolo Veronese | Paul Varnish,[Disambiguation] 18世纪英国对 Veronese 的滑稽音译/戏称。 | 委罗内塞。
Paolo Giordano Orsini,2,Person,"Bracciano, Duke of | Orsini, Paolo Giordano",[Context] 通常指 Orsini 公爵 (需视具体年代)。 | 奥尔西尼家族成员。
Pietà,2,Work,Pieta | Piet角,"[OCR Fix/Ambiguous] ""Pieta"" -> ""Pietà""。指圣母怜子主题艺术品（如米开朗基罗或提香）。 | [OCR Fix] ""Piet角"" -> ""Pietà""。圣母怜子图。"
Pompeo Batoni,2,Person,"Batoni, Pompeo | Pompeo Girolamo Batoni",[Reconstruction] 罗马肖像画家。 | 庞贝奥·巴托尼。
Portrait of Donna Olimpia Maidalchini,2,Work,Portrait of Donna Olimpia | Portrait of Donna Olimpia Maidalchini,[Category Fix] | [Category Fix] 可能是 Bacciccio 的画作或半身像。
Portrait of Innocent X,2,Work,Portrait of Innocent X | Portrait of Pope Innocent X Pamphili,[Category Fix] 同上。 | [Category Fix] 委拉斯开兹的著名画作。
Adriaen van der Werff,2,Person,"Adriaen van der Werff | Werff, Adrian van der",[Validation] 荷兰画家。 | 荷兰画家。
San Carlo alle Quattro Fontane,2,Place,Quattro Fontane | Saint Charles at the Four Fountains,罗马教堂。 | 罗马教堂（波罗米尼）或喷泉群。
San Canciano,2,Place,S. Canciano | San Canciano,威尼斯教堂。
Samuel von Pufendorf,2,Person,"Pufendorf, Samuel | Samuel von Pufendorf",德国法学家。 | 法学家/历史学家。
Saint Stanislaus Kostka,2,Person,St Stanislas Kostka | Stanislaus Kostka,[Category Fix] 原文误标为 Man-Made Object。 | 圣斯坦尼斯劳斯·科斯特卡。
Saint Philip Neri,2,Person,"Philip Neri, St | Saint Philip Neri",圣菲利波·内里。
Saint Lawrence,2,Person,St Lawrence | St.Lawrenc,"[Category Fix] 原文误标为 Place。圣劳伦斯。 | [OCR Fix] ""St.Lawrenc"" -> ""St. Lawrence""。"
Saint John the Baptist,2,Person,John the Baptist | St. John the Baptist,[Category Fix] 原文误标为 Man-Made Object。施洗约翰。 | [Validation] 圣徒。
Saint Ignatius of Loyola,2,Person,"Ignatius of Loyola | Ignatius, St",[Validation] 同上。 | [Validation] 耶稣会创始人。
Saint Francis Xavier,2,Person,"Francis Xavier | Xavier, St Francis",[Disambiguation] 圣方济各·沙勿略。 | 圣方济各·沙勿略。
Saint Andrew,2,Person,Andrew the Apostle | Saint Andrew,[Disambiguation] 圣安德烈。 | 圣安德烈（人物）。
Romulus and Remus,2,Person,Romulm and Remus | Romulus and Remus,"[Category Fix] 鲁本斯、Carracci 等人的画作主题。 | [OCR Fix] ""Romulm"" -> ""Romulus""。"
Roberto d'Oderisio,2,Person,"Oderisi, Roberto | Roberto d'Oderisio",14世纪那不勒斯画家。 | 那不勒斯画家。
"Robert Harley, 1st Earl of Oxford",2,Person,"Oxford, Robert Harley, Earl of | Robert Harley",nan
"Robert Benson, 1st Baron Bingley",2,Person,"Bingley, Lord | Robert Benson, 1st Baron Bingley",[Disambiguation] 英国贵族 (Yorkshire)。 | nan
"Richard Boyle, 3rd Earl of Burlington",2,Person,"Burlington, Lord | Richard Boyle, 3rd Earl of Burlington",[Disambiguation] 建筑赞助人 (Palladianism)。 | 帕拉迪奥主义建筑的重要推动者。
Rembrandt,2,Person,Rembrandt | Rembrandt Harmenszoon van Rijn,伦勃朗。 | 伦勃朗全名。
Raphael,2,Person,Raffaello Sanzio da Urbino | Raphael,拉斐尔。
Raffaello Marchesi,2,Person,"Marchesi, Raffaelo | Raffaelo Marchesi",[Category Fix] 原文误标为 Man-Made Object。人物。 | nan
Quirinal Hill,2,Place,Quirinal | Quirinal Hill,nan | 罗马奎里纳尔山。
Prospero Pesci,2,Person,"Gasparo Prospero Pesci | Pesci, Prospero","18世纪博洛尼亚画家。 | [OCR Fix] ""Gasparo Prospero"" -> ""Prospero""? Prospero Pesci 是罗马画家。Gasparo 可能是误加。"
Jacopo Guarana,2,Person,"Guarana, Giacomo | Jacopo Guarana",[Validation] 威尼斯画家。
Jacopo Facciolati,2,Person,"Facciolati, Abate | Jacopo Facciolati",[Reconstruction] 帕多瓦学者/语言学家。 | [Validation] 帕多瓦语文学家。
Isabella de' Medici,2,Person,"Isabella de' Medici | Medici, Isabella de' (Duchess of Bracciano)",[Validation] 美第奇家族成员。 | nan
Congregazione dei Virtuosi al Pantheon,2,Organization,"Congregazione dei Virtuosi | Virtuosi, Congregazione dei",[Category Fix] 万神殿艺术家协会。 | [Validation] 罗马艺术家行会。
Decio Azzolino,2,Person,"Azzolini, Cardinal | Decio Azzolino",[Disambiguation] 德西奥·阿佐利诺枢机。 | [Validation] 枢机主教。
David Teniers the Younger,2,Person,"David Teniers the Younger | Teniers, David",[Validation] 佛兰芒画家。 | 佛兰芒画家。
Dante Alighieri,2,Person,Dante | Dante Alighieri,[Validation] 但丁。
Daniele Dolfin IV,2,Person,"Daniele Dolfin IV | Dolfin, Daniele IV",[Validation] 威尼斯贵族/大使。 | [Validation] 威尼斯贵族。
Daniele Concina,2,Person,"Concina, Padre Daniele | Daniele Concina",[Validation] 多明我会神学家。
Cosimo III de' Medici,2,Person,"Cosimo III de' Mediciy | Medici, Cosimo III de'","[OCR Fix] ""Mediciy"" -> ""Medici""。 | 托斯卡纳大公。"
Correggio,2,Person,Antonio da Correggio | Correggio,[Disambiguation] 柯雷乔。 | [Validation] 画家。
Cornelis van Poelenburgh,2,Person,"Cornelius van Poelenburgh | Poelenburgh, Cornelius",[Validation] 荷兰画家。 | 荷兰风景画家。
Cornelis de Wael,2,Person,"Cornelis de Wael | Wael, Cornelius de",[Validation] 佛兰芒画家 (居热那亚/罗马)。 | 佛兰芒画家。
Cornelis Schut,2,Person,"Cornelis Schut | Schut, Corneille",[Validation] 佛兰芒画家。 | 佛兰芒画家。
Clement XIII,2,Person,"Clement XIII, Pope | Rezzonico, Carlo (Pope Clement XIII)",[Validation] 教皇。 | 教皇克莱门特十三世。
"Charles V, Holy Roman Emperor",2,Person,"Charles V | Charles V, Holy Roman Emperor",[Disambiguation] 查理五世。 | [Validation] 神圣罗马帝国皇帝。
Clement XII,2,Person,"Clement XII, Pope | Corsini, Lorenzo (Pope Clement XII)",[Disambiguation] 教皇克莱门特十二世。 | [Validation] 教皇。
Clement XI,2,Person,"Albani, Gianfrancesco (Pope Clement XI) | Clement XI",[Disambiguation] 教皇克莱门特十一世。 | [Validation] 教皇。
Clement X,2,Person,"Altieri, Emilio (Pope Clement X) | Pope Clement X",[Disambiguation] 教皇克莱门特十世。 | nan
Clement VIII,2,Person,"Aldobrandini, Ippolito (Pope Clement VIII) | Clement VIII, Pope",[Disambiguation] 教皇克莱门特八世。 | [Validation] 教皇。
Clement IX,2,Person,"Clement IX | Rospigliosi, Giulio (Pope Clement IX)",[Validation] 教皇。 | 教皇克莱门特九世。
Andrea Ferreri,2,Person,"Andrea Ferreri | Ferrerio, Andrea","[OCR Fix] ""Ferrerio"" -> ""Ferreri"" (巴洛克雕塑家)。 | [Validation] 巴洛克雕塑家。"
Claudio Acquaviva,2,Person,"Aquaviva, Claudio | Claudio Acquaviva",[Reconstruction] 耶稣会总会长。 | [Validation] 耶稣会总会长。
"Christina, Queen of Sweden",2,Person,"Christina of Sweden | Christina, Queen of Sweden",[Validation] 同上。 | [Validation] 瑞典女王。
Charles de Brosses,2,Person,"Brosses, Président Charles De | Charles de Brosses",[Reconstruction] 法国作家 (Lettres familières)。 | [Validation] 法国作家。
Charles XII of Sweden,2,Person,Carl XII | Charles XII of Sweden,[Disambiguation] 瑞典国王查理十二世。 | [Validation] 瑞典国王。
Diego Velázquez,2,Person,Diego Velázquez | Velasquez,[Validation] 西班牙画家。 | 委拉斯开兹。
Dirk Helmbreker,2,Person,"Helmbrecker, Theodor | Theodor Helm Breaker",[OCR Fix] 名字被错误拆分（Helm Breaker -> Helmbreker），佛兰芒画家。 | [Reconstruction] 佛兰芒画家。
Domenichino,2,Person,Domenichino (Domenico Zampieri) | Domenico Zampieri,[Validation] 博洛尼亚画家。 | [Validation] 多梅尼基诺。
Domenico Cerato,2,Person,"Cerato, Abate | Domenico Cerato",[Disambiguation] 帕多瓦建筑师 (Abate Cerato)。 | [Validation] 建筑师。
Ferdinando d'Adda,2,Person,"Adda, Cardinal d' | Ferdinando d'Adda",[Disambiguation] 费迪南多·达达枢机主教。 | [Validation] 枢机主教。
Ferdinando Galiani,2,Person,"Ferdinando Galiani | Galiani, Abate",[Reconstruction] 经济学家。 | [Validation] 经济学家/作家 (Abbé Galiani)。
Ferdinand van den Eynde,2,Person,"Ferdinand van den Eynde | den Einden, Ferdinand van",[Validation] 佛兰芒/罗马收藏家 (Duquesnoy墓碑)。 | 佛罗伦萨/那不勒斯收藏家。
Felice Boscarati,2,Person,"Boscarati, Felice | Felice Boscaratti",[Reconstruction] 维罗纳画家。 | [Validation] 维罗纳画家。
Federico da Montefeltro,2,Person,"Federico da Montefeltre | Montefeltre, Federigo da","[OCR Fix] ""Montefeltre"" -> ""Montefeltro""。乌尔比诺公爵。 | 乌尔比诺公爵。"
Federico Zuccari,2,Person,"Federico Zuccari | Zuccari, Federigo",[Validation] 风格主义画家/理论家。 | 风格主义画家。
Federico Bencovich,2,Person,"Bencovich, Federico | Federiko Benkovi?","[OCR Fix] ""Federiko Benkovi?"" -> ""Federico Bencovich"" (Dalmatian painter)。 | [Reconstruction] 达尔马提亚/威尼斯画家。"
Everhard Jabach,2,Person,"Everhard Jabach | Jabach, Everard",[Validation] 收藏家 (路易十四赞助)。 | [Validation] 收藏家。
Et in Arcadia ego,2,Work,Et in Arcadia ego | The Arcadian Shepherds (after...),[Category Fix] 普桑画作的临摹/版画。 | [Validation] 普桑/Guercino画作标题。
Ercole Procaccini the Elder,2,Person,"Ercole Procaccini the Elder | Procaccini, Ercole",[Validation] 画家。 | 米兰画家（或指 Younger）。
Ercole Graziani,2,Person,"Ercole Graziani the Younger | Graziani, Ercole",[Validation] 博洛尼亚画家。
Enea Silvio Caprara,2,Person,"Aeneas de Caprara | Caprara, Marshal",[Disambiguation] 奥地利元帅。 | [Disambiguation] 奥地利陆军元帅 (Enea Silvio Caprara)。
"Emily Temple, Viscountess Palmerston",2,Person,"Emily Temple | Palmerston, Lady",19世纪英国贵族。 | [Disambiguation] 帕默斯顿夫人。
Ellis Waterhouse,2,Person,"Ellis Waterhouse | Waterhouse, E. K.",[Validation] 艺术史学家。 | 英国艺术史学家。
Eleonora Zambeccari,2,Person,"Eleonora Zambeccari | Zambeccari, Marchesa Eleonora",[Category Fix] 原文误标为 Man-Made Object。博洛尼亚贵族。 | [Validation] 博洛尼亚贵族。
El Escorial,2,Place,El Escorial | L'Escorial,[Validation] 埃斯科里亚尔。 | [Validation] 西班牙修道院/皇宫。
Ecstasy of Saint Teresa,2,Work,Ecstasy of Saint Teresa | St Teresa wounded by Christ,[Category Fix] 圣特蕾莎的狂喜（或相关主题）。 | [Validation] 贝尼尼雕塑。
Domenico Passignano,2,Person,"Domenico Passignano | Passignani, Domenico",(Domenico Cresti) 佛罗伦萨画家。 | [Validation] 画家。
Domenico Maria Fratta,2,Person,"Domenico Maria Fratta | Fratta, D. M.",[Reconstruction] 博洛尼亚版画家。 | [Validation] 博洛尼亚版画家。
Domenico Ginnasi,2,Person,"Domenico Ginnasi | Ginnasi, Cardinal",[Disambiguation] 枢机主教。 | [Validation] 枢机主教。
Domenico Fetti,2,Person,"Domenico Fetti | Feti, Domenico",[Reconstruction] 画家。 | [Validation] 画家。
"Charles Watson-Wentworth, 2nd Marquess of Rockingham",2,Person,"Charles Watson-Wentworth | Rockingham, Lord",[Validation] 英国首相。 | nan
"Charles Mordaunt, 3rd Earl of Peterborough",2,Person,"Charles Mordaunt | Peterborough, 3rd Earl of",[Disambiguation] 英国将领/贵族。 | nan
Ippolito Bentivoglio,2,Person,"Bentivoglio, Ippotilo | Ippolito Bentivoglio","[OCR Fix] 修正 ""Ippotilo"" 为 ""Ippolito""。 | [Validation] 费拉拉贵族/剧作家。"
Archduke Leopold Wilhelm of Austria,2,Person,"Archduke Leopold Wilhelm of Austria | Leopold Wilhelm, Archduke",[Category Fix] 原文误标为 Man-Made Object。 | [Validation] 著名艺术收藏家。
Bartolomeo Nazari,2,Person,"Bartolomeo Nazari | Nazari, Bartolommeo",[Validation] 威尼斯肖像画家。 | 威尼斯肖像画家。
Bartolomeo Letterini,2,Person,"Bartolomeo Letterini | Letterini, Bartolommeo",[Reconstruction] 威尼斯画家。 | [Validation] 威尼斯画家。
Barberini Chapel (Sant'Andrea della Valle),2,Place,Barberini Chapel in S. Andrea della Valle | Barberini Chapelin S.Andreadella Valle),[OCR Fix] 标点和空格修复。 | [Validation] 罗马礼拜堂。
Balthasar Neumann,2,Person,"Johann Balthasar Neumann | Neumann, Balthasar",[Validation] 德国巴洛克建筑师。 | 德国巴洛克建筑师。
Baldassare Longhena,2,Person,"Longhena | Longhena, Baldassare",[Disambiguation] 建筑师。 | [Validation] 建筑师。
Augustus III of Poland,2,Person,"Augustus III of Poland | Augustus III of Poland (Frederick Augustus II, Elector of Saxony)",[Validation] 同上。 | [Validation] 奥古斯都三世。
Augustus II the Strong,2,Person,"Augustus II of Poland (Frederick Augustus I, Elector of Saxony) | Augustus II the Strong",[Disambiguation] 奥古斯都二世。 | [Validation] 萨克森选帝侯/波兰国王。
Ascanio Filomarino,2,Person,"Ascanio Filomarino | Filomarino, Cardinal",[Disambiguation] 那不勒斯大主教。 | [Validation] 那不勒斯枢机主教。
Art Institute of Chicago,2,Place/Organization,Art Institute of Chicago | Art Institute of Chicago Robert A. Waller Fund,[Refinement] 博物馆基金。 | [Validation] 芝加哥艺术博物馆。
Andrew Fountaine,2,Person,"Andrew Fountaine | Fountaine, Sir Andrew",[Category Fix] 原文误标为 Work。 | [Validation] 英国收藏家。
Archbasilica of Saint John Lateran,2,Place,Archbasilica of St. John Lateran | Cathedral of Rome,[Disambiguation] 罗马主教座堂是拉特朗圣若望。 | [Validation] 拉特朗圣若望大殿。
Charles II of England,2,Person,Charles II | Charles II of England,[Disambiguation] 查理二世 (需结合语境，通常指英国)。 | [Validation] 英国国王。
Apostolic Palace,2,Place,Apostolic Palace | Vatican palace,[Category Fix] 原文误标为 Man-Made Object。 | [Validation] 梵蒂冈宗座宫。
Apollo and Daphne,2,Work,Apollo Chasing Daphne | Daphne and Apollo,[Validation] 绘画/雕塑主题。
Antonio Vallisneri,2,Person,"Antonio Vallisneri | Vallisnieri, Antonio",[Spelling Fix] 科学家/医生。 | [Validation] 科学家/医生。
Antonio Schinella Conti (Abate Conti),2,Person,"Antonio Schinella Conti | Conti, Antonio",[Validation] 作家/哲学家。 | [Validation] 威尼斯作家。
Antonio Maria Antoniazzi,2,Person,"Antonazzi, Antonio Maria | Antonio Maria Antoniazzi",[Reconstruction] 名字倒装复原。 | [Validation] 天文学家/学者。
Antonio Francesco Gori,2,Person,"Antonio Francesco Gori | Gori, A. F.",[Reconstruction] 佛罗伦萨古物学家 (Museum Florentinum)。 | [Validation] 古物学家 (Museum Florentinum)。
Antonio Barberini,2,Person,Antonio Barberini | Cardinal Antonio Barberini,[Category Fix] 原文误标为 Work。 | [Validation] 枢机主教。
Anton Raphael Mengs,2,Person,"Anton Raphael Mengs | Mengs, Anton Rafael",[Validation] 新古典主义画家。 | 德国新古典主义画家。
Anne-Marie du Boccage,2,Person,"Anne-Marie du Boccage | Boccage, Mme de",[Disambiguation] 法国女作家。 | [Validation] 法国作家。
"Anne, Queen of Great Britain",2,Person,"Anne of Great Britain | Anne, Queen of England",[Validation] 安妮女王。
Bartolomeo Schedoni,2,Person,"Bartolomeo Schedoni | Schedoni, Bartolommeo",[Validation] 帕尔马画家。 | 帕尔马画家。
Benoît Audran the Elder,2,Person,"Audran, Benoit | Beno?t Audran the Elder","[Disambiguation] 法国版画家。 | [OCR Fix] 修正 ""?"" 为 ""î""。"
Bernard Le Bovier de Fontenelle,2,Person,Bernard Le Bovier de Fontenelle | Fontenelle,[Disambiguation] 法国作家。 | [Validation] 作家。
Bernardo De Dominici,2,Person,"Bernardo de' Dominici | Dominici, Bernardo de",[Reconstruction] 那不勒斯传记作家。 | [Validation] 那不勒斯艺术传记作家。
Charles I of England,2,Person,Charles I | Charles I of England,[Category Fix] 原文误标为 Work。 | [Validation] 英国国王。
"Charles Colbert, marquis de Croissy",2,Person,"Charles Colbert | Croissy, M. de",[Disambiguation] 外交官。 | [Disambiguation] 法国外交官 (Colbert弟弟)。
Cesare Leopardi,2,Person,"Don Cesare Leopardi d`Osimo | Osimo, Don Cesare Leopardi di",[Validation] 奥西莫贵族。 | 奥西莫的贵族/学者。
Catherine the Great,2,Person,Catherine the Great of Russia | Sophie Friederike Auguste von Anhalt-Zerbst,[Validation] 俄国女皇。 | 叶卡捷琳娜大帝的原名。
Castel Cogolo,2,Place,Castel Cogolo | Castle of Cogolo,[Validation] 同 Castel Cogolo。 | [Validation] 城堡。
Carlo Roberto Dati,2,Person,"Carlo Roberto Dati | Dati, Carlo",[Validation] 佛罗伦萨学者。
Carlo Maratta,2,Person,"Carlo Maratti | Maratta, Carlo",[Standardization] 画家 (也拼作 Maratti)。 | [Validation] 罗马画家。
Carlo Lodoli,2,Person,"Carlo Lodoli | Lodoli, Padre Carlo",[Reconstruction] 建筑理论家。 | [Validation] 威尼斯建筑理论家。
Carlo Barberini,2,Person,"Barberini, Carlo (brother to Urban VIII) | Carlo Barberini",[Reconstruction] 乌尔班八世之兄。 | [Validation] 枢机主教。
Carl Gustaf Tessin,2,Person,"Carl Gustaf Tessin | Tessin, Count Carl Gustav",[Validation] 瑞典外交官/收藏家。 | 瑞典重要外交官与收藏家。
Cardinal Richelieu,2,Person,Armand Jean du Plessis | Richelieu,[Disambiguation] 黎塞留枢机。 | 黎塞留枢机。
Caravaggio,2,Person,"Caravaggio, Michelangelo da | Michelangelo Merisi da Caravaggio",[Disambiguation] 卡拉瓦乔。 | 卡拉瓦乔。
Camillo Pamphilj,2,Person,"Pamfili Moncalto | Pamfili, Prince Camillo (nephew...)","[OCR/Confusion] 极可能是 ""Pamfili, Montalto"" 的混淆或 ""Camillo Pamphilj"" 的误读。 | 英诺森十世的侄子，放弃枢机职位结婚。"
Camillo Gavassetti,2,Person,"Camillo Gavassetti | Gavasetti, Camillo",[Reconstruction] 莫德纳画家。 | [Validation] 莫德纳画家。
Andrea Gerini,2,Person,"Andrea Gerini | Gerini, Marchese Andrea",[Category Fix] 原文误标为 Man-Made Object。佛罗伦萨收藏家。 | [Validation] 佛罗伦萨贵族/收藏家。
Caesar Baronius,2,Person,"Baronio, Cardinal | Caesar Baronius",[Disambiguation] 凯撒·巴罗尼乌斯枢机 (教会史学家)。 | [Validation] 枢机/历史学家。
Ca' Pesaro,2,Place,Ca' Pesaro | Pesaro palace,[Validation] 威尼斯宫殿/博物馆。 | 威尼斯佩萨罗宫（现为现代艺术博物馆）。
Ca' Foscari,2,Place,Ca' Foscari | Palazzo Foscari,[Validation] 威尼斯宫殿/大学。 | 威尼斯宫殿。
Andrea del Rosso,2,Person,"Andrea del Rosso | Rosso, Andrea del (grandfather...)",[Validation] 佛罗伦萨收藏家。 | 佛罗伦萨收藏家。
Biblioteca Nazionale Marciana,2,Place,Biblioteca Nazionale Marciana | Marciana,[Validation] 威尼斯圣马可图书馆。 | 威尼斯马尔恰纳图书馆。
Biblioteca Estense,2,Place,Biblioceca Estense | Biblioteca Estense,"[OCR Fix] ""Biblioceca"" -> ""Biblioteca""。 | [Validation] 摩德纳图书馆。"
Ferdinando de' Medici (Grand Prince),2,Person,Ferdinando de' Medici | Grand Prince Ferdinando of Tuscany,"[Disambiguation] 可能是 Ferdinando I, II 或 Great Prince Ferdinando (Grand Tour/Art Patron)。在艺术语境中常指 Grand Prince Ferdinando (1663–1713)。 | [Validation] 美第奇家族大亲王 (Ferdinando III 的孙子，Cosimo III 之子)。"
Filippo Corsini,2,Person,"Corsini, Marchese Filippo | Filippo Corsini",[Category Fix] 原文误标为 Work。 | [Validation] 建筑师/贵族。
Filippo Napoletano,2,Person,"Angeli, Filippo d' (Napoletano) | Filippo Napoletano",[Disambiguation] 菲利波·那波列塔诺。 | [Validation] 风景画家。
Giovanni Gasparo Baldoini,2,Person,"Baldoini, Giovanni Gasparo | Gio. Gasparo Baldoini",[Full Name] 建筑师/工程师。 | [Reconstruction] 名字倒装复原。
Giovanni Poleni,2,Person,"Giovanni Poleni | Poleni, Marchese Giovanni",[Category Fix] 原文误标为 Man-Made Object。科学家/侯爵。 | [Validation] 帕多瓦数学家/物理学家。
Giovanni Pietro Olina,2,Person,"Giovanni Pietro Olina | Olina, P.",[Validation] 鸟类学家/作家 (Cassiano dal Pozzo圈子)。 | 《Uccelliera》作者，卡西阿诺·达尔·波佐圈子成员。
Giovanni Pietro Bellori,2,Person,"Bellori, Gian Pietro | Giovanni Pietro Bellori",[Reconstruction] 艺术理论家。 | [Validation] 著名艺术理论家/传记作家。
Giovanni Paolo Panini,2,Person,"Giovanni Paolo Panini | Pannini, Giovanni Paolo",[Validation] 维杜塔画家。 | 罗马Veduta画家。
Allegory of Divine Providence and Barberini Power,2,Work,Allegory of Divine Providence and Barberini Power | Frescoes in Palazzo Barberini Salone,[Disambiguation] Pietro da Cortona 壁画。 | [Validation] 皮耶特罗·达·科尔托纳壁画。
Giovanni Marco Pitteri,2,Person,Antonio Pitteri | Giovanni Marco Pitteri,"[OCR Fix] ""Antonio"" 可能是 ""Marco"" 的误植，或指 Antonio Pitteri (较不知名)。倾向于 Marco Pitteri (威尼斯版画家)。 | [Validation] 威尼斯版画家。"
Giovanni Marchiori,2,Person,"Giovanni Marchiori | Marchiori, Giovanni",[Category Fix] 原文误标为 Man-Made Object。威尼斯雕塑家。 | [Validation] 威尼斯雕塑家。
Giovanni Ludovico Bianconi,2,Person,"Bianconi, G. L. | Giovanni Ludovico Bianconi",[Disambiguation] 18世纪医生/艺术作家。 | [Validation] 医生/艺术作家。
Giovanni Incisa della Rocchetta,2,Person,Giovanni Incisa della Rocchetta | Incisa Della Rocchetta,[Reconstruction] 学者。 | [Validation] 艺术史学家/收藏家 (Chigi日记编辑)。
Giovanni Gioseffo dal Sole,2,Person,"Giovanni Gioseffo dal Sole | Sole, Giovan Gioseffo dal",[Validation] 博洛尼亚画家。 | 博洛尼亚画家。
Giovanni Gaetano Bottari,2,Person,"Bottari, Giovanni | Giovanni Gaetano Bottari",[Disambiguation] 罗马学者/图书管理员。 | [Validation] 罗马学者/梵蒂冈图书馆员。
Flight into Egypt,2,Work,Escape from Egypt | Flight into Egypt,[Validation] 绘画主题。
Giovanni Francesco Romanelli,2,Person,"Giovanni Francesco Romanelli | Romanelli, Giovan Francesco",[Category Fix] 原文误标为 Place。罗马巴洛克画家。 | [Validation] 画家 (Cortona学生)。
Giovanni Francesco Negroni,2,Person,"Giovanni Francesco Negroni | Negroni, Cardinal Giovan Francesco",[Category Fix] 原文误标为 Place。红衣主教。 | [Validation] 枢机主教。
Giovanni Domenico Tiepolo,2,Person,"Giovanni Domenico Tiepolo | Tiepolo, Gian Domenico",[Validation] 提埃坡罗之子。 | 提埃坡罗之子。
Giovanni Domenico Piastrini,2,Person,"Giovanni Domenico Piastrini | Piastrini, G. D.",18世纪佛罗伦萨画家。 | [Validation] 佛罗伦萨画家。
Giovanni Domenico Ottonelli,2,Person,"Giovanni Domenico Ottonelli | Ottonelli, Padre",[Validation] 耶稣会作家 (艺术道德论)。 | 耶稣会士，著有《Trattato della pittura》。
Giovanni Camillo Sagrestani,2,Person,"Giovanni Camillo Sagrestani | Sagrestani, Giovan Camillo",[Validation] 佛罗伦萨画家。 | 佛罗伦萨晚期巴洛克画家。
Giovanni Benedetto Castiglione,2,Person,"Benedetto Castiglione | Castiglione, Giovanni Benedetto",[Disambiguation] 乔瓦尼·贝内代托·卡斯蒂廖内 (Il Grechetto)。 | [Validation] 画家。
Giovanni Battista Tiepolo,2,Person,"Giovanni Battista Tiepolo | Tiepolo, Giambattista",[Validation] 提埃坡罗。 | 提埃坡罗。
Giovanni Battista Passeri,2,Person,"Giovanni Battista Passeri | Passeri, Giambattista",[Validation] 传记作家/古物学家 (Lives of Painters / Etruscan studies)。 | 传记作家（《Vite》作者）。
Giovanni Battista Gaulli (Baciccio),2,Person,"Gaulli, Giovanni Battista (Baciccio) | Giovanni Battista Gaulli",[Validation] 画家。
Giovanni Vianello,2,Person,"Giovanni Vianello | Vianello, Dr Giovanni",[Validation] 威尼斯画家 (19世纪)。 | 艺术史学家/收藏家。
Girolamo Durazzo,2,Person,"Durazzo, Marchese Girolamo | Marchese Girolamo Durazzo",[Category Fix] 原文误标为 Work。热那亚总督/贵族。 | 热那亚贵族、总督及艺术收藏家。
Girolamo Frescobaldi,2,Person,"Frescobaldi, Gerolamo | Girolamo Frescobaldi",[Reconstruction] 作曲家。 | [Validation] 巴洛克作曲家。
Giuseppe Cesari (Cavaliere d'Arpino),2,Person,"Arpino, Cavaliere d' | Giuseppe Cesari",[Disambiguation] 朱塞佩·切萨里。 | [Validation] 罗马画家。
Inquisitori di Stato,2,Organization,Venice-Inquisitori di Stato | Venice-Inquisiwri,"[Category Fix] 威尼斯国家裁判官。 | [OCR Fix] ""Inquisiwri"" -> ""Inquisitori""。"
Innocent XIII,2,Person,"Conti, Michaelangelo (Pope Innocent XIII) | Innocent XIII",[Disambiguation] 教皇英诺森十三世。 | [Validation] 教皇。
Innocent XII,2,Person,"Innocent XII, Pope | Pignatelli, Antonio (Pope Innocent XII)",[Validation] 教皇。 | 教皇英诺森十二世。
Innocent XI,2,Person,"Odescalchi, Benedetto (Pope Innocent XI) | Pope Innocent XI",nan | 教皇英诺森十一世（Odescalchi家族）。
Alexander VII,2,Person,"Chigi, Fabio (Pope Alexander VII) | Pope Alexander VII",[Disambiguation] 教皇亚历山大七世。 | nan
Herman van Swanevelt,2,Person,"Herman van Swanevelt | Swanevelt, Hermann",[Validation] 荷兰画家。 | 荷兰风景画家。
Henry III of France,2,Person,Henri III | Henri III of France,[Category Fix] 原文误标为 Place。 | [Validation] 法国国王。
"Henry Bentinck, 1st Duke of Portland",2,Person,"Henry Bentinck | Portland, Henry, first Duke of",[Disambiguation] 波特兰公爵。 | nan
"Henry Bennet, 1st Earl of Arlington",2,Person,"Arlington, Lord | Henry Bennet",[Disambiguation] 阿灵顿伯爵。 | [Validation] 英国政治家。
Abraham Brueghel,2,Person,"Abraham Brueghel | Breughel, Abram",[Disambiguation] 佛兰芒静物画家。 | [Validation] 佛兰芒画家。
Heinrich von Brühl,2,Person,"Brühl, Count | Heinrich von Brühl",[Disambiguation] 萨克森首相/收藏家。 | [Validation] 萨克森首相/收藏家。
Gustavus Adolphus,2,Person,Gustavus Adolphus | Gustavus Adolphus of Sweden,[Validation] 同上。 | [Validation] 瑞典国王。
Guillaume Courtois (Il Borgognone),2,Person,"Borgognone, Guglielmo (Guillaume Courtois) | Guillaume Courtois",[Disambiguation] 纪尧姆·库尔图瓦。 | [Validation] 画家。
Guido Bentivoglio,2,Person,Cardinal Bentivoglio | Guido Bentivoglio,[Category Fix] 原文误标为 Work。通常指 Guido Bentivoglio 枢机 (凡戴克肖像)。 | [Validation] 枢机主教。
Guercino,2,Person,Giovanni Francesco Barbieri | Guercino (Francesco Barbieri),[Category Fix] 原文误标为 Place。 | [Disambiguation] 顾尔奇诺。
Alexander VIII,2,Person,"Ottoboni, Pietro (Pope Alexander VIII) | Pope Alexander VIII",nan | 教皇亚历山大八世。
Alfonso Gesualdo,2,Person,"Alfonso Gesualdo | Gesualdo, Cardinal",[Disambiguation] 枢机主教。 | [Validation] 枢机主教。
Gregory XIII,2,Person,"Boncampagni, Ugo (Pope Gregory XIII) | Gregory XIII",[Disambiguation] 教皇格里高利十三世。 | [Validation] 教皇格里高利十三世。
Giustiniana Wynne,2,Person,"Giustiniana Wynne Rosenberg-Orsini | Wynne, Giustiniana (Mme Rosenberg)",[Validation] 威尼斯女作家。 | 威尼斯女作家（Countess Rosenberg）。
Giuseppe Valeriano,2,Person,"Giuseppe Valeriano | Valeriano, Padre",[Validation] 耶稣会建筑师/画家。 | 耶稣会画家/建筑师。
Giuseppe Toninotto,2,Person,"Giuseppe Toninotto | Toninotto, Padre Giuseppe",[Validation] 18世纪威尼斯出版商?。 | nan
Giovanni Battista Foggini,2,Person,"Foggini, Giovan Battista | Giovanni Battista Foggini",[Reconstruction] 佛罗伦萨雕塑家/建筑师。 | [Validation] 佛罗伦萨雕塑家。
Giovanni Antonio Fumiani,2,Person,"Fumiani, Giannantonio | Giovanni Antonio Fumiani",[Reconstruction] 威尼斯画家。 | [Validation] 威尼斯画家 (San Pantalon天顶)。
Giovanni Angelo Montorsoli,2,Person,"Giovanni Angelo Montorsoli | Montorsoli, Giovanni",[Validation] 雕塑家 (Servite)。 | 米开朗基罗的学生，雕塑家。
François-Joachim de Pierre de Bernis,2,Person,"Bermis, Cardinal de | Fran?ois-Joachim de Pierre de Bernis","[OCR Fix] ""?"" -> ""ç""。 | [OCR Fix] ""Bermis"" -> ""Bernis""。法国枢机/外交官。"
François Girardon,2,Person,"Fran?ois Girardon | Girardon, François","[OCR Fix] ""?"" -> ""ç""。 | [Reconstruction] 法国雕塑家。"
François Duquesnoy,2,Person,"Duquesnoy, François | Fran?ois Duquesnoy","[OCR Fix] ""?"" -> ""ç""。 | [Validation] 佛兰芒雕塑家。"
François Boucher,2,Person,"Boucher, François | Fran?ois Boucher","[OCR Fix] ""?"" -> ""ç""。 | [Reconstruction] 法国洛可可画家。"
Frans van Mieris the Elder,2,Person,"Frans van Mieris the Elder | Mieris, Frans van",[Validation] 荷兰画家。 | 荷兰黄金时代画家。
Frans Pourbus the Younger,2,Person,"Frans Pourbus the Younger | Pourbus, Franz, the Younger",[Validation] 佛兰芒肖像画家。 | 佛兰芒肖像画家。
Franco Venturi,2,Person,"Franco Venturi | Venturi, Professor Franco",[Validation] 历史学家 (Settecento riformatore)。 | 著名的现代历史学家（启蒙运动研究）。
Francis Watson,2,Person,"Francis Watson | Watson, F. J. B.",[Validation] 艺术史学家 (Wallace Collection)。 | 华莱士收藏馆馆长。
Francis I of France,2,Person,Francis I of France | François I of France,[Category Fix] 原文误标为 Place。 | [Validation] 法国国王。
Francesco Panciatichi,2,Person,"Francesco Panciatichi | Panciatichi, Senator Francesco",[Category Fix] 原文误标为 Place。佛罗伦萨参议员。 | [Validation] 佛罗伦萨政治家/国务秘书。
Francesco Maria del Monte,2,Person,"Francesco Maria del Monte | Monte, Cardinal Francesco del",[Category Fix] 原文误标为 Place。著名的卡拉瓦乔赞助人。 | [Validation] 枢机主教 (Caravaggio赞助人)。
Francesco Maria Zanotti,2,Person,"Francesco Maria Zanotti | Zanotti, F. M.",[Validation] 博洛尼亚哲学家/作家。 | 博洛尼亚哲学家/作家。
Francesco Maria Richini,2,Person,"Francesco Maria Richini | Ricchini, Francesco Maria",[Category Fix] 原文误标为 Place。米兰巴洛克建筑师。 | [Validation] 米兰巴洛克建筑师。
Francesco Maria Niccolò Gabburri,2,Person,"Francesco Maria Niccolò Gabburri | Gabburri, Francesco",[Category Fix] 原文误标为 Place。 | [Validation] 佛罗伦萨收藏家/传记作家。
Francesco Maria I della Rovere,2,Person,"Francesco Maria I della Rovere | Urbino, Francesco Maria della Rovere...",[Validation] 乌尔比诺公爵。 | 乌尔比诺公爵。
Francesco Bassi (Il Cremonese),2,Person,"Bassi, Francesco (il Cremonese) | Francesco Bassi",[Category Fix] 原文误标为 Place。风景画家。 | [Validation] 画家。
Francesco Barberini (1597–1679),2,Person,"Barberini, Cardinal Francesco (nephew to Urban VIII) | Francesco Barberini",[Category Fix] 原文误标为 Place。 | [Validation] 枢机主教。
Francesco Baratta,2,Person,"Baratta, Francesco | Francesco Baratta the Elder",[Category Fix] 原文误标为 Place。雕塑家。 | [Validation] 雕塑家。
Francesco Angelo Rapaccioli,2,Person,"Francesco Angelo Rapaccioli | Rapaccioli, Cardinal",[Validation] 枢机主教。 | 枢机主教，艺术赞助人。
Francesco Albergati Capacelli,2,Person,"Albergati-Capacelli, Francesco | Francesco Albergati Capacelli",[Category Fix] 原文误标为 Place (E53)。剧作家/侯爵。 | [Validation] 剧作家。
Francesco Adriano Ceva,2,Person,"Ceva, Cardinal | Francesco Adriano Ceva",[Disambiguation] 枢机主教。 | [Validation] 枢机主教。
Fra Bartolomeo,2,Person,"Bartolommeo, Fra | Fra Bartolomeo",[Reconstruction] 佛罗伦萨画家。 | [Validation] 画家。
François Mansart,2,Person,"Fran?ois Mansart | Mansart, François","[OCR Fix] ""?"" -> ""ç""。 | [Validation] 法国建筑师。"
Frederick III (Holy Roman Emperor),2,Person,Frederick III | Frederick III (Holy Roman Emperor),[Disambiguation] 神圣罗马帝国皇帝。 | [Validation] 同上。
Giovan Battista Langetti,2,Person,"Giovan Battista Langetti | Langetti, Giovanni Battista",[Validation] 画家 (Tenebrist)。 | [Validation] 画家。
Frederick the Great,2,Person,Frederick II of Prussia | Frederick the Great,[Validation] 普鲁士国王。
Giovan Battista Cimaroli,2,Person,"Cimaroli, Giovan Battista | Giovanni Battista Cimaroli",[Reconstruction] 威尼斯风景画家。 | [Validation] 威尼斯风景画家。
Giorgione,2,Person,Giorgione | Zorzone,[Disambiguation] 威尼斯方言称呼，或指 Giorgione。 | [Validation] 画家。
Giannantonio Moschini,2,Person,"Giannantonio Moschini | Moschini, Abate G. A.",19世纪威尼斯艺术导览作家。 | [Validation] 威尼斯艺术导览作者/神职人员。
Gianantonio Guardi,2,Person,"Giovanni Antonio Guardi | Guardi, Gian Antonio",[Standardization] 瓜尔迪兄弟长兄 (Giovanni Antonio)。 | [Validation] 威尼斯画家。
Gian Vittorio Rossi (Janus Nicius Erythraeus),2,Person,Gian Vittorio Rossi | Jan Niceo Eritreo,[Disambiguation] 意大利作家/学者。 | [Validation] 诗人/学者。
Gian Paolo Cavagna,2,Person,"Cavagna, Giampaolo | Giovanni Paolo Cavagna",[Validation] 贝加莫画家。
Gian Domenico Ferretti,2,Person,"Ferretti, Gian Domenico | Giovanni Domenico Ferretti",[Reconstruction] 佛罗伦萨洛可可画家。 | [Validation] 佛罗伦萨画家。
Giammaria Ortes,2,Person,"Giammaria Ortes | Ortes, Abate Giuseppe Maria",[Validation] 威尼斯经济学家/修道士。 | 威尼斯哲学家/经济学家。
Giambattista Biffi,2,Person,"Biffi, Giambattista | Giovanni Battista Biffi",[Reconstruction] 18世纪克雷莫纳作家。 | [Validation] 克雷莫纳作家。
Giacomo del Po,2,Person,"Giacomo del Pò | Po, Giacomo del",[Validation] 那不勒斯画家。 | 那不勒斯画家。
Giacomo Serra,2,Person,"Giacomo Serra | Serra, Mgr Giacomo",[Validation] 枢机主教 (Rubens赞助人)。 | 红衣主教（卡拉瓦乔赞助人，Rubens 也有接触）。
Giacomo Di Castro,2,Person,"Castro, Jacomo di | Giacomo di Castro",[Disambiguation] 索伦托/那不勒斯画家。 | [Validation] 索伦托画家。
Giacomo Casanova,2,Person,"Casanova de Seingalt, Jacques | Giacomo Casanova",[Disambiguation] 贾科莫·卡萨诺瓦。 | [Validation] 冒险家/作家。
Giacomo Boni,2,Person,"Boni, Giacomo Antonio | Giacomo Boni",[Disambiguation] 博洛尼亚画家。 | [Validation] 威尼斯画家 (18世纪) 或考古学家 (19世纪)。结合上下文 (Giacomo/18th cent)，应为画家 Giacomo Boni (1688–1766)。
George III of Great Britain,2,Person,"George III of Great Britain | George III, King of England",[Validation] 同上。 | [Validation] 英国国王。
Alvise Mocenigo,2,Person,"Alvise Mocenigo | Mocenigo, Doge Alvise",[Validation] 威尼斯总督/贵族（需具体上下文区分几世）。 | 威尼斯总督（具体哪一世需上下文，通常指 Alvise IV 1763-1778）。
George Frideric Handel,2,Person,"George Frideric Handel | Handel, George Frederick",[Validation] 作曲家。
Ambroise Dubois,2,Person,"Ambroise Dubois | Dubois, Ambrose",[Reconstruction] 枫丹白露画派画家。 | [Validation] 画家 (枫丹白露画派)。
Gaspar Méndez de Haro (Marquis of Carpio),2,Person,"Gaspar Méndez de Haro | Guzman, Gasparo de Haro y",[Reconstruction] 西班牙收藏家。 | [Validation] 西班牙收藏家。
Galeazzo Arconati,2,Person,"Arconato, Galeazzo | Galeazzo Arconati",[Reconstruction] 米兰收藏家 (达芬奇手稿)。 | [Validation] 米兰收藏家。
Gabriel Grupello,2,Person,"Gabri?l Grupello | Gruppello, Gabriel","[OCR Fix] ""?"" -> ""ë""。佛兰芒雕塑家。 | [Validation] 佛兰芒雕塑家。"
Würzburg Residence,2,Place,W邦rzburg Residence | W邦rzburg Residenz,"[Duplicate] 同上。 | [OCR Fix] ""W邦rzburg"" -> ""Würzburg""。"
