Refined_Formal_Name,Original-QID,Second-Query_QID,Third-Query_QID,Original-Refined_Category,Original-Status/Notes,Second-Query_Label,Second-Query_Description,Second-Query_Logic,Third-Query_Label,Third-Query_Description,Third-Query_Logic
A Scene from the Aeneid,,,Q944752,Work,[Category Fix] 埃涅阿斯纪的故事场景（fable/story）。,,,No results found,Fable,2004 video game,Deep Match via 'fable' (From Notes): Fable (Score: 95.0)
A.M. Zanetti the Elder with Marchese Gerini,,,Q106566678,Work,[Category Fix] 这是一个讽刺画作品标题 (Caricature)，非单纯人名列表。,,,No results found,Caricature,painting by Nexhat Krasniqi,Deep Match via 'Caricature' (From Notes): Caricature (Score: 105.0)
Abate Scarselli,,,Q54854824,Person,可能是 Flaminio Scarselli (文学家)。,,,No results found,Flaminio Scarselli,born 1705; died 1776,Deep Match via 'Flaminio Scarselli' (From Notes): Flaminio Scarselli (Score: 95.0)
Abigail giving Presents to David,,,,Work,[Validation] 画作主题。,,,No results found,,,
Accademia Albrizziana,,,Q61960994,Organization,"[OCR Fix] 修正 ""Accbremia"" 为 ""Accademia""。同 Row 23。 | [Validation] 威尼斯文学学会 (Albrizzi)。",,,No results found,Albrizzi,family name,Deep Match via 'Albrizzi' (From Notes): Albrizzi (Score: 95.0)
Accademia dei Cacadubbi,,,,Organization,[Validation] 戏谑性学会 (Humorous Academy)。,,,No results found,,,
Accademia di San Luca / Académie Royale,,,Q1123462,Organization,[Context] 可能是指罗马圣路卡学院或巴黎皇家绘画雕塑学院（通用名）。,,,No results found,ConTeXt,general-purpose document processor,Deep Match via 'Context' (From Notes): ConTeXt (Score: 95.0)
Achille Bosisio,,,,Person,[Validation] 威尼斯历史作家。,,,No results found,,,
Aedes Barberina ad Quirinalem,,,,Work,[Validation] Girolamo Teti 的书名。,,,No results found,,,
Albergo del Moretto,,,,Place,[Validation] 地点（旅馆）。,,,No results found,,,
Allegory of Clemency,,,,Work,[Validation] 寓意画主题。,,,No results found,,,
Allegory of Coral fishing,,,Q528968,Work,[Validation] 雅格布·祖奇 (Jacopo Zucchi) 画作。,,,No results found,Jacopo Zucchi,Florentine painter (1542-1596),Deep Match via 'Jacopo Zucchi' (From Notes): Jacopo Zucchi (Score: 95.0)
Allegory of the Education of the Crown Prince,,,,Work,[Validation] 寓意画主题。,,,No results found,,,
Almorò Pisani,,,,Person,"[OCR Fix] ""辰"" -> ""ò""。威尼斯贵族。",,,No results found,,,
Altar Paintings (San Canciano),,,,Work,[Validation] 祭坛画组。,,,No results found,,,
Altar of Friendship,,,,Work,[Validation] 纪念碑/画作主题。,,,No results found,,,
Altar of Tranquility and Rural Life,,,Q59716323,Work,[Validation] 纪念碑/画作主题。,,,No results found,Rural life,"painting by Jan Brueghel the Elder, Prado",Deep Match via 'Rural Life' (Segment): Rural life (Score: 90.0)
Altar of Wealth and Apollo,,,Q665812,Work,[Validation] 纪念碑/画作主题。,,,No results found,Apollo,male given name,Deep Match via 'Apollo' (Segment): Apollo (Score: 80.0)
Altarpiece for Chiesa Nuova,,,,Work,[Validation] 祭坛画（可能是鲁本斯）。,,,No results found,,,
Altarpiece for Santa Maria dei Cappuccini,,,,Work,[Validation] 祭坛画。,,,No results found,,,
Altarpiece for St. Sebastian,,,,Work,[Validation] 祭坛画。,,,No results found,,,
Altarpiece for the Augustinian Church,,,,Work,[Validation] 祭坛画。,,,No results found,,,
Altarpieces for the Royal Chapel,,,,Work,[Validation] 祭坛画组。,,,No results found,,,
Ambrogio Mazenta,,,,Person,17世纪巴尔纳比特修士/建筑师。,,,No results found,,,
Andromache weeping before Aeneas,,,,Work,[Validation] 画作主题。,,,No results found,,,
Angels carrying the Instruments of the Passion,,,,Work,[Validation] 绘画主题。,,,No results found,,,
Annamaria Gabrielli,,,,Person,[Validation] 学者/档案学家。,,,No results found,,,
Annan Gallery,,,,Organization,[Validation] 画廊。,,,No results found,,,
Annibale Laparelli,,,,Person,[Validation] 建筑师/雕塑家 (16世纪)。,,,No results found,,,
Anti-papal satire (Alexander VII),,,,Work/Concept,[Validation] 历史文献/概念。,,,No results found,,,
Antichiesetta (San Marco),,,Q1123462,Place,[Context] 圣马可教堂的前厅部分。,,,No results found,ConTeXt,general-purpose document processor,Deep Match via 'Context' (From Notes): ConTeXt (Score: 95.0)
Antichità di Palazzi,,,Q131469959,Work,"[OCR Fix] 可能是 ""Antichità di Roma"" 或具体的宫殿考古著作。",,,No results found,Di Roma,Georgian pizzeria chain,Deep Match via 'di Roma' (From Notes): Di Roma (Score: 95.0)
Anton Francesco Farsetti,,,Q7200212,Person,[Category Fix] 原文误标为 Place。威尼斯收藏家。,,,No results found,Place,family name,Deep Match via 'Place' (From Notes): Place (Score: 95.0)
"Antonino Maresca, Duca di Serracapriola",,,Q51961,Person,"[OCR Fix] ""Serracapmula"" -> ""Serracapriola""。那不勒斯外交官。",,,No results found,Serracapriola,Italian comune,Deep Match via 'Serracapriola' (From Notes): Serracapriola (Score: 95.0)
Antonio Maria Visconti,,,,Person,米兰贵族。,,,No results found,,,
Antonio degli Effetti,,,Q7299999,Person,[Reconstruction] 罗马贵族/收藏家。,,,No results found,ReConStruction,"science fiction convention held in Raleigh, NC, USA",Deep Match via 'Reconstruction' (From Notes): ReConStruction (Score: 95.0)
Apollo conducting Frederick Barbarossa's bride,,,,Work,[Validation] 提埃坡罗壁画 (维尔茨堡)。,,,No results found,,,
Apotheosis of the Pisani Family,,,Q2060988,Work,[Validation] 提埃坡罗壁画 (Villa Pisani)。,,,No results found,Villa Pisani,"palace and museum in Stra, Veneto, Italy",Deep Match via 'Villa Pisani' (From Notes): Villa Pisani (Score: 95.0)
Archbishop of Tarsus,,Q2394645,,Person,[Category Fix] 原文误标为 Man-Made Object。可能是指某一具体领衔主教（如 Ferdinando d'Adda）。,Bishop of Tarsus,Wikipedia Search Result,Smart Match via 'Archbishop of Tarsus': Bishop of Tarsus (88.9),,,
Archivio Comunale di Treviso,,,,Place,[Validation] 特雷维索市政档案馆。,,,No results found,,,
Archivio Mediceo del Principato,,,,Place,[Validation] 美第奇家族档案。,,,No results found,,,
Archivio del Governatorato di Roma,,,Q102786,Place/Organization,[Abbreviation] 罗马总督府档案馆。,,,No results found,abbreviation,shortened form of a word or phrase,Deep Match via 'Abbreviation' (From Notes): abbreviation (Score: 95.0)
Archivio della Compagnia di Gesù,,,,Place/Organization,[OCR Fix] 单词粘连修复。,,,No results found,,,
Archivio di Stato di Venezia (Sezione Notarile),,,,Organization,[Category Fix] | [Category Fix] 威尼斯国家档案馆公证处。,,,No results found,,,
Archivio di Stato di Venezia (Stampe),,,,Organization,[Category Fix] 版画/印刷品部门。,,,No results found,,,
Ariadne being woken by Love,,,Q316,Work,[Validation] 绘画主题。,,,No results found,love,"strong, positive emotion based on affection",Deep Match via 'Love' (Segment): love (Score: 80.0)
Art patronage in 17th-century Munich,,,,Concept,[Category Fix] 艺术赞助研究主题。,,,No results found,,,
Arte dei Salumieri,,,,Group,[Category Fix] 威尼斯行会（咸肉商）。,,,No results found,,,
Artist's position in society (Concept),,,,Concept,[Validation] 艺术理论议题。,,,No results found,,,
Arts Graphiques de la Cité (AGRACI),,,,Organization,[Validation] 巴黎摄影/出版机构。,,,No results found,,,
Augustinian Monastery Altarpiece,,,,Work,[Validation] 祭坛画。,,,No results found,,,
Aurelio Rezzonico,,Q656690,,Person,[Validation] 威尼斯贵族 (教皇克莱门特十三世家族)。,Carlo Rezzonico (cardinal),Wikipedia Search Result,Smart Match via 'Aurelio Rezzonico': Carlo Rezzonico (cardinal) (87.5),,,
Baglioni Collection,,,,Organization/Group,[Validation] 艺术收藏。,,,No results found,,,
Barberini Chapel (Sant'Andrea della Valle),,Q1631593,,Place,[OCR Fix] 标点和空格修复。 | [Validation] 罗马礼拜堂。,Sant'Andrea della Valle,Wikipedia Search Result,Smart Match via 'Barberini Chapel (Sant'Andrea della Valle)': Sant'Andrea della Valle (70.8),,,
Barberini Library,,Q807815,,Organization,[Validation] 巴贝里尼图书馆。,Barberini family,Wikipedia Search Result,Smart Match via 'Barberini Library': Barberini family (72.7),,,
Basilica of Santa Sabina,,,,Place,[Validation] 罗马教堂。,,,No results found,,,
Batteria di Cucina,,,Q28538025,Work,"[OCR Fix] 修正 ""Battaria"" 为 ""Batteria"" (Kitchen utensils/Still life)。",,,No results found,Kitchen Utensils,painting by Leslie Hunter,Deep Match via 'Kitchen utensils' (From Notes): Kitchen Utensils (Score: 105.0)
Beggar holding a Rosary,,,Q37441770,Work,[Validation] 画作主题 (可能是Ceruti或Il Pitocchetto)。,,,No results found,Ceruti,family name,Deep Match via 'Ceruti' (From Notes): Ceruti (Score: 95.0)
Bell Towers for St. Peter's Basilica,,Q12512,,Work,[Validation] 贝尼尼设计的钟楼 (已拆除)。,St. Peter's Basilica,Wikipedia Search Result,Smart Match via 'Bell Towers for St. Peter's Basilica': St. Peter's Basilica (71.4),,,
Bergamasque Community,,,Q7200212,Group,[Category Fix] 原文误标为 Place。贝加莫人群体。,,,No results found,Place,family name,Deep Match via 'Place' (From Notes): Place (Score: 95.0)
Bibliothèque de Montpellier,,,,Place,,,,No results found,,,
Bishop Harold von Hocheim Investiture,,,,Work,[Validation] 提埃坡罗壁画 (维尔茨堡)。,,,No results found,,,
Bonfiglioli Collection,,,,Organization/Group,[Validation] 博洛尼亚艺术收藏。,,,No results found,,,
Bonisezio Gozzadini,,,,Person,[Validation] 博洛尼亚历史人物。,,,No results found,,,
Brutus killing Arruns,,,,Work,[Validation] 绘画主题。,,,No results found,,,
Bust of Francis Bacon,,,Q88245811,Work,[Validation] 雕塑 (Roubiliac等)。,,,No results found,Roubiliac,family name,Deep Match via 'Roubiliac' (From Notes): Roubiliac (Score: 95.0)
Bust of Paolo Renier,,,,Work,[Validation] 雕塑。,,,No results found,,,
Bust of Phocion,,,,Work,[Validation] 雕塑主题。,,,No results found,,,
Camillo Carandini,,,,Person,[Validation] 贵族。,,,No results found,,,
Campagna (Countryside) / Girolamo Campagna,,,Q1140419,Place/Person,"[Ambiguity] ""Campagna"" 通常指罗马郊区 (Roman Campagna)，但也可能是威尼斯雕塑家 Girolamo Campagna。需视上下文。若在 Place 列，则为地名。",,,No results found,ambiguity,type of uncertainty of meaning in which several interpretations are plausible,Deep Match via 'Ambiguity' (From Notes): ambiguity (Score: 95.0)
Capricci Copiosi di Figure,,,Q2278308,Work,"[OCR Fix] ""Caprizi"" -> ""Capricci""。",,,No results found,capriccio,architectural fantasy in painting,Deep Match via 'Capricci' (From Notes): capriccio (Score: 99.4)
Cardinal Mazarin in His Gallery,,,,Work,[Validation] 绘画主题。,,,No results found,,,
Caricature of Cassiano dal Pozzo,,,,Work,[Validation] 绘画/素描。,,,No results found,,,
Carlo Baccinelli,,,,Person,[Validation] 人物。,,,No results found,,,
Carlo Camillo II Massimi,,,,Person,著名的红衣主教与艺术赞助人（普桑、洛兰赞助者）。,,,No results found,,,
Carlo Cordellina,,,Q1298763,Person,[Validation] 威尼斯律师/别墅主人 (Villa Cordellina)。,,,No results found,Villa Cordellina Lombardi,villa,Deep Match via 'Villa Cordellina' (From Notes): Villa Cordellina Lombardi (Score: 74.1)
Carlo Quarismini,,,,Person,[Validation] 威尼斯画家 (较小众)。,,,No results found,,,
Carro della Notte,,,Q334262,Work,[Validation] 绘画主题 (Guercino等)。,,,No results found,Guercino,painter of the Italian 17th century (1591–1666),Deep Match via 'Guercino' (From Notes): Guercino (Score: 95.0)
Caterina Barbarigo,,Q14942558,,Person,[Reconstruction] 威尼斯贵族。,Caterina Sagredo Barbarigo,Wikipedia Search Result,Smart Match via 'Caterina Barbarigo': Caterina Sagredo Barbarigo (81.8),,,
Ceiling Frescoes (Palazzo Altieri),,,Q17077179,Work,[Validation] 马拉塔/Coli/Gherardi作品。,,,No results found,Gherardi,family name,Deep Match via 'Gherardi' (From Notes): Gherardi (Score: 95.0)
Ceiling Frescoes (Quirinal Palace),,Q223079,,Work,[Validation] 奎里纳尔宫壁画。,Quirinal Palace,Wikipedia Search Result,Smart Match via 'Ceiling Frescoes (Quirinal Palace)': Quirinal Palace (71.2),,,
Ceiling fresco (Augustinian Church),,,Q107169144,Work,[Validation] 可能是帕多瓦 Eremitani 或其他。,,,No results found,Eremitani,,Deep Match via 'Eremitani' (From Notes): Eremitani (Score: 95.0)
Ceiling of Palazzo Doria Pamphilj,,,,Work,[Validation] 壁画。,,,No results found,,,
Ceremonies of the Grand Duke,,,,Work/Event,[Validation] 托斯卡纳大公典礼记录/画作。,,,No results found,,,
Chapel of St. Lawrence,,,,Place,[Validation] 礼拜堂。,,,No results found,,,
Chapel of St. Stanislaus Kostka,,Q7591706,,Place,[Validation] 罗马Sant'Andrea al Quirinale礼拜堂。,St. Stanislaus Kostka Church (Chicago),Wikipedia Search Result,Smart Match via 'Chapel of St. Stanislaus Kostka': St. Stanislaus Kostka Church (Chicago) (71.2),,,
Chapels of Santa Maria Maggiore,,Q186282,,Place,[Validation] 罗马教堂礼拜堂。,Santa Maria Maggiore,Wikipedia Search Result,Smart Match via 'Chapels of Santa Maria Maggiore': Santa Maria Maggiore (78.4),,,
"Charles Gordon-Lennox, 3rd Duke of Richmond",,Q335368,,Person,"[Disambiguation] 18th c. ""Lord March"" (Earl of March) 通常指查尔斯·戈登-伦诺克斯，著名的艺术赞助人和大游学者。","Charles Gordon-Lennox, 5th Duke of Richmond",Wikipedia Search Result,"Smart Match via 'Charles Gordon-Lennox, 3rd Duke of Richmond': Charles Gordon-Lennox, 5th Duke of Richmond (93.0)",,,
Charles I of England / Charles II?,,Q81506,,Person,[Ambiguity] 可能是查理一世或二世，或 Prince Charles Edward Stuart。待定。,Charles I of England,Wikipedia Search Result,Smart Match via 'Charles I of England / Charles II?': Charles I of England (74.1),,,
Charles-François de Saint-Saulieu,,,Q1469911,Person,"[OCR Fix] ""Fran ois"" -> ""François""。",,,No results found,Fran,unisex given name,Deep Match via 'Fran' (From Notes): Fran (Score: 95.0)
"Christian Louis I, Duke of Mecklenburg-Schwerin",,Q70203,,Person,[Disambiguation] 梅克伦堡公爵。,Duke Christian Louis of Mecklenburg,Wikipedia Search Result,"Smart Match via 'Christian Louis I, Duke of Mecklenburg-Schwerin': Duke Christian Louis of Mecklenburg (73.2)",,,
Church of San Sebastiano (Venice),,Q588559,,Place,[Validation] 威尼斯教堂 (Veronese)。,"San Sebastiano, Venice",Wikipedia Search Result,"Smart Match via 'Church of San Sebastiano (Venice)': San Sebastiano, Venice (76.4)",,,
Churches of Religious Orders,,Q1746003,,Place,[Validation] 通用概念。,Enclosed religious orders,Wikipedia Search Result,Smart Match via 'Churches of Religious Orders': Enclosed religious orders (71.7),,,
Cincinnatus Summoned from the Plough,,,,Work,[Validation] 绘画主题。,,,No results found,,,
Cincinnatus summoned from the Plough,,,,Work,[Validation] 绘画主题。,,,No results found,,,
Coggio Pittoni,,,,Person,[OCR Fix] 同上。,,,No results found,,,
Coggio Pittoni (Artist?),,,Q107264259,Person,"[Check Original] 可能是 ""Giovanni Battista Pittoni"" 的 OCR 乱码或极生僻人物。疑似 ""Cugino Pittoni"" (Pittoni 的表亲) 或误拼。待定。",,,No results found,Giovanni Battista Pittoni,Italian priest (ca. 1666-1748),Deep Match via 'Giovanni Battista Pittoni' (From Notes): Giovanni Battista Pittoni (Score: 95.0)
Collegio di Siena,,Q89207506,,Place,[Validation] 锡耶纳学院。,"Collegio Tolomei, Siena",Wikipedia Search Result,"Smart Match via 'Collegio di Siena': Collegio Tolomei, Siena (80.0)",,,
Congregazione dei Virtuosi al Pantheon,,,,Group,[Category Fix] 万神殿艺术家协会。 | [Validation] 罗马艺术家行会。,,,No results found,,,
Consiglio del Consorzio,,,,Organization,[Validation] 机构/委员会。,,,No results found,,,
Conte Carpegna,,,,Person,[Validation] 卡佩尼亚伯爵。,,,No results found,,,
Conte Cavazza,,,,Person,[Validation] 博洛尼亚/威尼斯贵族。,,,No results found,,,
Copy of Annibale Carracci's Works,,,,Work,[Validation] 复制品。,,,No results found,,,
Copy of Raphael's Loggias,,,,Work,[Validation] 复制品。,,,No results found,,,
Cornelius de Stael,,,,Person,,,,No results found,,,
Count Waldstein,,,,Person,瓦尔德施泰因家族成员。,,,No results found,,,
Count of Monterrey,,,,Person,西班牙贵族/那不勒斯总督。,,,No results found,,,
Couvent des Augustins Déchaussés,,,,Place,[Validation] 巴黎修道院 (Petits-Pères)。,,,No results found,,,
Cremonese School,,,,Group,[Validation] 克雷莫纳画派。,,,No results found,,,
Creusa imploring Aeneas,,,,Work,[Validation] 绘画主题。,,,No results found,,,
Cristoforo Tencalla,,,,Person,提契诺壁画家。,,,No results found,,,
Customs duty on pictures,,,,Concept,[Validation] 经济/法律概念。,,,No results found,,,
Dance of Nymphs,,,,Work,[Validation] 绘画主题。,,,No results found,,,
Daniele Dolfin III,,,,Person,[Validation] 威尼斯大使。,,,No results found,,,
Daniele Dolfin IV,Q3014934,,,Person,[Validation] 威尼斯贵族/大使。 | [Validation] 威尼斯贵族。,,,No results found,,,
Death of Regulus,,Q28038182,,Work,[Category Fix] Salvator Rosa 的画作。,The Departure of Regulus,Wikipedia Search Result,Smart Match via 'Death of Regulus painting': The Departure of Regulus (75.0),,,
Death of St. Francis Xavier,,Q27979751,,Work,[Validation] 绘画主题。,Miracles of St. Francis Xavier (Rubens),Wikipedia Search Result,Smart Match via 'Death of St. Francis Xavier painting': Miracles of St. Francis Xavier (Rubens) (80.7),,,
Decorations for St. Augustine Church,,,,Work,[Validation] 装饰工程。,,,No results found,,,
Dedicatory Frontispiece,,,,Work,[Validation] 书籍/版画卷首插图。,,,No results found,,,
Design for Sant'Andrea al Quirinale,,Q1354667,,Work,[Validation] 建筑设计图。,Sant'Andrea al Quirinale,Wikipedia Search Result,Smart Match via 'Design for Sant'Andrea al Quirinale': Sant'Andrea al Quirinale (81.4),,,
Design for St. Peter's Square,,Q83425,,Work,[Validation] 贝尼尼设计图。,St. Peter's Square,Wikipedia Search Result,Smart Match via 'Design for St. Peter's Square': St. Peter's Square (76.6),,,
Devolution of Urbino to the Papacy,,,,Event,1631年乌尔比诺归入教皇国事件。,,,No results found,,,
Diffusion of Neapolitan painting,,,,Concept,[Category Fix] 艺术史研究主题。,,,No results found,,,
Divine Virtues,,Q686919,,Work,[Validation] 绘画/雕塑主题。,Seven virtues,Wikipedia Search Result,Smart Match via 'Divine Virtues': Seven virtues (74.1),,,
Dome Frescoes (Sant'Agnese in Agone),,Q1192577,,Work,[Validation] 罗马教堂壁画 (Ciro Ferri/Corrado Giaquinto?)。实际上是 Ciro Ferri 和 Baciccio 参与。,Sant'Agnese in Agone,Wikipedia Search Result,Smart Match via 'Dome Frescoes (Sant'Agnese in Agone)': Sant'Agnese in Agone (71.4),,,
Domenico Darmanno,,,,Person,"[Check Original] 极生僻。可能是 ""Domenico D'Arminio""? 或者误拼。待定。",,,No results found,,,
Domenico Lionati da Fanano,,,Q7299999,Person,"[OCR Fix/Reconstruction] 极可能是 ""Domenico Lionati"" 或 ""Lelonotti"" (罕见)。Fanano 是地名。",,,No results found,ReConStruction,"science fiction convention held in Raleigh, NC, USA",Deep Match via 'Reconstruction' (From Notes): ReConStruction (Score: 95.0)
Domenico Pompeati,,,,Person,,,,No results found,,,
Domenico da Isnello,,,,Person,[Validation] 建筑师/工程师。,,,No results found,,,
Drawings of Sagredo Family Members,,,,Work,[Validation] 素描集。,,,No results found,,,
Dream of St Joseph,,,,Work,[Validation] 绘画主题。,,,No results found,,,
Duchess of Bagnara,,,Q21507152,Person,[Validation] 贵族头衔 (Ruffo家族)。,,,No results found,Ruffo,family name,Deep Match via 'Ruffo' (From Notes): Ruffo (Score: 95.0)
Duchess of Savoy,,,Q230873,Person,泛指，需语境（如 Anne Marie d'Orléans）。,,,No results found,Anne Marie d'Orléans,Queen Consort of Sardinia (1669-1728),Deep Match via 'Anne Marie d'Orl' (From Notes): Anne Marie d'Orléans (Score: 84.4)
Duplex Intercessio,,,,Work/Concept,[Validation] 双重代祷 (绘画神学主题)。,,,No results found,,,
Dutch artists,,,,Group,[Validation] 艺术家群体。,,,No results found,,,
Edoardo Lombardo,,,,Person,[Validation] 现代学者 (威尼斯史)。,,,No results found,,,
Eleonora Zambeccari,,,Q123054369,Person,[Category Fix] 原文误标为 Man-Made Object。博洛尼亚贵族。 | [Validation] 博洛尼亚贵族。,,,No results found,Man-Made Object,song by Lemon Demon,Deep Match via 'Man-Made Object' (From Notes): Man-Made Object (Score: 95.0)
Elisa Carandini,,Q15997310,,Person,[Category Fix] 原文误标为 Work。,Francesco Carandini,Wikipedia Search Result,Smart Match via 'Elisa Carandini': Francesco Carandini (70.6),,,
Elisabetta Antoniazzi Rossi,,,Q1330587,Person,"[OCR Fix] ""Elizabetta"" -> ""Elisabetta""。学者。",,,No results found,Elisabetta,female given name,Deep Match via 'Elisabetta' (From Notes): Elisabetta (Score: 95.0)
Emperor Henry IV Kneeling Before Pope Gregory VII,Q19898046,,Q111144,Work,[Validation] 绘画主题 (Canossa)。,,,No results found,Canossa,Italian comune,Deep Match via 'Canossa' (From Notes): Canossa (Score: 95.0)
Enea Arnaldi / Lodovico Arnaldi?,,,Q37572942,Person,"[Check] 可能是 ""Enea Arnaldi"" (维琴察学者) 或 ""Lodovico Arnaldi"" (贵族)。待定为 Lodovico Arnaldi。",,,No results found,Check,family name,Deep Match via 'Check' (From Notes): Check (Score: 95.0)
Enea Silvio Caprara,,Q255150,,Person,[Disambiguation] 奥地利元帅。 | [Disambiguation] 奥地利陆军元帅 (Enea Silvio Caprara)。,Aeneas de Caprara,Wikipedia Search Result,Smart Match via 'Enea Silvio Caprara': Aeneas de Caprara (72.2),,,
English patronage,,,,Concept,[Validation] 艺术赞助。,,,No results found,,,
Entrance of Procurator Giorgio Pisani,,,Q18086567,Place,"[OCR Fix] ""nell＊ingresso"" -> ""nell'ingresso""。指代具体位置或该处的装饰/铭文。",,,No results found,Nell,female given name,Deep Match via 'nell' (From Notes): Nell (Score: 95.0)
Entry of the Count of Colloredo,,,,Work,[Validation] 卡纳莱托画作。,,,No results found,,,
Estella Brunetti,,,,Person,[Validation] 艺术史学家。,,,No results found,,,
Etchings of Oriental-style Heads,,,Q16825843,Work,[Validation] Castiglione 或 Tiepolo 作品。,,,No results found,Castiglione,family name,Deep Match via 'Castiglione' (From Notes): Castiglione (Score: 95.0)
European scientific societies,,Q1376851,,Group/Concept,[Category Fix] 原文误标为 Place。,European Optical Society,Wikipedia Search Result,Smart Match via 'European scientific societies': European Optical Society (71.7),,,
Exhibition of S. Rocco,,,,Event,[Category Fix] 威尼斯圣罗格大会堂的年度画展。,,,No results found,,,
Fabio de Fabiis,,,,Person,[Validation] 罗马人物。,,,No results found,,,
Facade of Santa Maria del Giglio,,,Q327026,Work,[Validation] 威尼斯教堂立面 (Giuseppe Sardi)。,,,No results found,Giuseppe Sardi,Italian architect,Deep Match via 'Giuseppe Sardi' (From Notes): Giuseppe Sardi (Score: 95.0)
Faith crushing Idolatry,,,Q98211800,Work,[Validation] 雕塑/绘画主题 (Theodon等)。,,,No results found,Théodon,family name,Deep Match via 'Theodon' (From Notes): Théodon (Score: 81.4)
Fame Carrying the Name of Louis XIV...,,,Q24700486,Work,[Validation] 绘画主题 (Le Brun等)。,,,No results found,Le Brun,family name,Deep Match via 'Le Brun' (From Notes): Le Brun (Score: 95.0)
Fame inscribing the glories of Louis XIV...,,,,Work,[Validation] 绘画主题。,,,No results found,,,
Fantastical Heads in the Manner of Giorgione,,,Q1529806,Work,[Validation] 画作/版画描述 (Pietro della Vecchia等)。,,,No results found,Pietro della Vecchia,painter of the Venetian School (1603–1678),Deep Match via 'Pietro della Vecchia' (From Notes): Pietro della Vecchia (Score: 95.0)
Faustina Savorgnan,,,,Person,[Validation] 威尼斯贵族。,,,No results found,,,
Federico Correr Lorenzetti,,,Q47085801,Person,"[Validation] 威尼斯贵族/收藏家? 需核实。可能是误将 ""Correr"" 和 ""Lorenzetti"" (Giulio Lorenzetti, 学者) 混合，或特定人物。",,,No results found,Correr,family name,Deep Match via 'Correr' (From Notes): Correr (Score: 95.0)
Flemish artists in Rome,,,Q514377,Group,[Validation] 艺术家群体 (Bentvueghels等)。,,,No results found,Bentvueghels,"artist society in Rome, Italy",Deep Match via 'Bentvueghels' (From Notes): Bentvueghels (Score: 95.0)
Flight of Aeneas from Troy,,,,Work,[Validation] 绘画主题。,,,No results found,,,
Fondamenta Foscarini,,,,Place,[Validation] 威尼斯街道。,,,No results found,,,
Fortune under the control of Virtue,,,,Work,[Validation] 绘画主题。,,,No results found,,,
"Fortune under the control of Virtue, Justice and Peace",,,Q7157305,Work,[Validation] 绘画主题。,,,No results found,Peace,family name,Deep Match via 'Peace' (Segment): Peace (Score: 80.0)
Francesco Catalano,,Q16234947,,Person,[Category Fix] 原文误标为 Place。,Francesco Rapisarda,Wikipedia Search Result,Smart Match via 'Francesco Catalano': Francesco Rapisarda (70.3),,,
Francesco Girolamo Nappi,,Q39074429,,Person,(P.可能是Padre/Frate) 17世纪神职人员/作家，或画家。,Francesco Nappi (bishop),Wikipedia Search Result,Smart Match via 'Francesco Girolamo Nappi': Francesco Nappi (bishop) (76.9),,,
Francesco Griseri,,,,Person,[Validation] 建筑师/人物。,,,No results found,,,
Francesco Mengardi,,,Q122376269,Person,[OCR Fix/Typo] 原文标为地点且拼写疑似有误，应为画家 Francesco Mengardi。,,,No results found,TYPO,2021 video game,Deep Match via 'Typo' (From Notes): TYPO (Score: 95.0)
Francesco Panciatichi,,,Q7200212,Person,[Category Fix] 原文误标为 Place。佛罗伦萨参议员。 | [Validation] 佛罗伦萨政治家/国务秘书。,,,No results found,Place,family name,Deep Match via 'Place' (From Notes): Place (Score: 95.0)
Francesco Rosichino,,,Q497240,Person,[Disambiguation] 17世纪罗马礼仪官 (Master of Ceremonies)。,,,No results found,master of ceremonies,official host of a staged event or similar performance,Deep Match via 'Master of Ceremonies' (From Notes): master of ceremonies (Score: 95.0)
Francesco Scaramuccia,,,Q4245067,Person,[Validation] 罗马/佩鲁贾画家/传记作者 (Luigi Scaramuccia之父?)。通常传记作者是 Luigi Scaramuccia。需确认原文是否指 Luigi 或其父。如果是 17世纪，Luigi 更出名。,,,No results found,Luigi,male given name,Deep Match via 'Luigi' (From Notes): Luigi (Score: 95.0)
French hostility to Italian art (17th c.),,,,Concept,[Validation] 艺术史议题。,,,No results found,,,
French patronage,,Q3884394,,Concept,[Validation] 艺术赞助。,Parochial patronage,Wikipedia Search Result,Smart Match via 'French patronage': Parochial patronage (74.3),,,
Fresco on staircase of Hampton Court Palace,,,Q106832378,Work,[Validation] Verrio/Laguerre壁画。,,,No results found,Verrio,engraving - Alexander Bannerman,Deep Match via 'Verrio' (From Notes): Verrio (Score: 95.0)
Frescoes in Lanfranco Chapel (Modena Cathedral),,,Q1414531,Work,"[Correction] Lanfranco 是摩德纳大教堂的建筑师。可能是指 ""Frescoes in the Lanfranco Chapel"" 或 ""Frescoes by Lanfranco"" (Giovanni Lanfranco)。结合上下文 ""Frescoes in..."", 可能是地点。但 Lanfranco 也是画家。需确认。如果指 Lanfranco (画家) 在 Naples Cathedral 的壁画，则为 Work。如果指 Modena Cathedral (Arch. Lanfranco)，则为 Place/Work。倾向于 Giovanni Lanfranco 的壁画作品。",,,No results found,correction,subsequent remediation of an erroneous object,Deep Match via 'Correction' (From Notes): correction (Score: 95.0)
Frescoes in Sant'Andrea della Valle,,Q1631593,,Work,[Validation] Domenichino/Lanfranco 壁画。,Sant'Andrea della Valle,Wikipedia Search Result,Smart Match via 'Frescoes in Sant'Andrea della Valle': Sant'Andrea della Valle (79.3),,,
Frescoes in the Corsini Chapel,,,Q468405,Work,[Validation] 罗马 Lateran 或佛罗伦萨 Carmine。,,,No results found,Lateran,building complex in Rome,Deep Match via 'Lateran' (From Notes): Lateran (Score: 95.0)
Frescoes in the Palazzo Doria Pamphilj (Valmontone),,,Q25125948,Work,[Validation] Preti/Mola 壁画。,,,No results found,Preti,family name,Deep Match via 'Preti' (From Notes): Preti (Score: 95.0)
Gabriele Balestrieri,,,,Person,[Validation] 帕尔马画家 (或相关人物)。,,,No results found,,,
Gabriele Emo / Giovanni Emo,,,Q16116177,Person,[Disambiguation] 威尼斯行政官。最著名的是 Gabriele Emo 或 Giovanni Emo。保留泛指或标记需确认。,,,No results found,Gabriele Emo,,Deep Match via 'Gabriele Emo' (From Notes): Gabriele Emo (Score: 95.0)
Gaetano Majorano (Caffarelli),,,Q21482920,Person,[Disambiguation] 阉伶歌手 Caffarelli。,,,No results found,Caffarelli,family name,Deep Match via 'Caffarelli' (From Notes): Caffarelli (Score: 95.0)
Galleria Giustiniani,,Q4813374,,Work/Place,[Context] 可能是指 Giustiniani 收藏目录 (Work) 或宫殿画廊 (Place)。,Athena Giustiniani,Wikipedia Search Result,Smart Match via 'Galleria Giustiniani': Athena Giustiniani (78.9),,,
Galleria L'Antonina,,,,Place,[Validation] 罗马古董店/画廊。,,,No results found,,,
Gallery of the Aeneid (Palazzo Buonaccorsi),,,,Place,[Validation] 马切拉塔的埃涅阿斯画廊。,,,No results found,,,
"Gaspar de Haro, 7th Marquess of Carpio",,Q380763,,Person,[Category Fix] 原文误标为 Work。西班牙总督/收藏家。,"Gaspar Méndez de Haro, 7th Marquess of Carpio",Wikipedia Search Result,"Smart Match via 'Gaspar de Haro, 7th Marquess of Carpio': Gaspar Méndez de Haro, 7th Marquess of Carpio (91.6)",,,
Gaspare Partridge,,,Q104791624,Person,[Check Original] 可能是 English artist in Italy? 或 Joseph Partridge? 待定。,,,No results found,Joseph Partridge,"(American, 1792–1833)",Deep Match via 'Joseph Partridge' (From Notes): Joseph Partridge (Score: 95.0)
Gaspare Patriarch,,,Q123054369,Person,[Category Fix] 原文误标为 Man-Made Object。可能是 Gaspare Patriarchi (误拼) 或 Patriarch Gaspare (头衔倒置)。,,,No results found,Man-Made Object,song by Lemon Demon,Deep Match via 'Man-Made Object' (From Notes): Man-Made Object (Score: 95.0)
Gasparo Altieri,,,Q7299999,Person,[Reconstruction] 名字倒装复原。,,,No results found,ReConStruction,"science fiction convention held in Raleigh, NC, USA",Deep Match via 'Reconstruction' (From Notes): ReConStruction (Score: 95.0)
"George ""Dadie"" Rylands",,Q5208082,,Person,[Validation] 英国戏剧导演/学者 (Cambridge)。,Dadie Rylands,Wikipedia Search Result,"Smart Match via 'George ""Dadie"" Rylands': Dadie Rylands (74.3)",,,
Gerard van der Bos,,,,Person,[Validation] 可能是指 Gerard van den Bossche? 或类似拼写。,,,No results found,,,
German patronage,,,,Concept,[Validation] 艺术赞助。,,,No results found,,,
Gesuati (Order) / Santa Maria del Rosario (Gesuati),,,Q1140419,Group/Place,[Ambiguity] 可能是耶稣会修士会 (已解散) 或威尼斯 Gesuati 教堂。在 E74 Group 中指修会。,,,No results found,ambiguity,type of uncertainty of meaning in which several interpretations are plausible,Deep Match via 'Ambiguity' (From Notes): ambiguity (Score: 95.0)
Gherardo Sagredo,,,Q1112591,Person,威尼斯贵族（Sagredo 家族）。,,,No results found,Sagredo,family name,Deep Match via 'Sagredo' (From Notes): Sagredo (Score: 95.0)
Giacomo della Lena,,,,Person,[Validation] 威尼斯外交官/作家 (西班牙宫廷)。,,,No results found,,,
Giambattista Biffi,,,Q7299999,Person,[Reconstruction] 18世纪克雷莫纳作家。 | [Validation] 克雷莫纳作家。,,,No results found,ReConStruction,"science fiction convention held in Raleigh, NC, USA",Deep Match via 'Reconstruction' (From Notes): ReConStruction (Score: 95.0)
Giovanelli Collection,,,Q123054369,Organization/Group,[Category Fix] 原文误标为 Man-Made Object。,,,No results found,Man-Made Object,song by Lemon Demon,Deep Match via 'Man-Made Object' (From Notes): Man-Made Object (Score: 95.0)
Giovanni Andrea Armanni,,,Q1071027,Person,[Full Name] 19世纪教皇国官员/学者 (Gubbio)。,,,No results found,full name,set of names by which an individual is known,Deep Match via 'Full Name' (From Notes): full name (Score: 95.0)
Giovanni Angelo da Camerino,,Q3106999,,Person,[Validation] 画家。,Giovanni Angelo d'Antonio,Wikipedia Search Result,Smart Match via 'Giovanni Angelo da Camerino': Giovanni Angelo d'Antonio (76.9),,,
Giovanni Antonio Armanni,,,,Person,[Validation] 历史人物。,,,No results found,,,
Giovanni Battista Fontanella,,,,Person,[Validation] 人物 (可能是威尼斯人)。,,,No results found,,,
Giovanni Domenico Brustoloni,,,Q7299999,Person,[Reconstruction] 威尼斯版画家 (无需 Don)。,,,No results found,ReConStruction,"science fiction convention held in Raleigh, NC, USA",Deep Match via 'Reconstruction' (From Notes): ReConStruction (Score: 95.0)
Giovanni Francesco Sacchetti,,,Q7200212,Person,[Category Fix] 原文误标为 Place。,,,No results found,Place,family name,Deep Match via 'Place' (From Notes): Place (Score: 95.0)
Giovanni Gasparo Baldoini,,,Q1071027,Person,[Full Name] 建筑师/工程师。 | [Reconstruction] 名字倒装复原。,,,No results found,full name,set of names by which an individual is known,Deep Match via 'Full Name' (From Notes): full name (Score: 95.0)
Giovanni Stefano Roccatagliata,,,,Person,[Validation] 17世纪热那亚银匠/雕塑家? 需确认。,,,No results found,,,
Giovanni de' Cattanei,,Q233178,,Person,[Check Original] 可能是 Giovanni Cattaneo (雕刻家) 或 Giovanni de' Cattanei (建筑师)。,Vannozza dei Cattanei,Wikipedia Search Result,Smart Match via 'Giovanni de' Cattanei': Vannozza dei Cattanei (76.2),,,
Girolamo Garganego,,,,Person,[Validation] 维罗纳/威尼斯雕塑家? 或是 Girolamo Garganico? 需确认。Garganego 可能是威尼斯贵族。,,,No results found,,,
Girolamo Teodoli,,Q5552392,,Person,[Category Fix] 原文误标为 Man-Made Object。侯爵/建筑师。,Gerolamo Theodoli,Wikipedia Match,Smart Match via 'Girolamo Teodoli': Gerolamo Theodoli (90.9),,,
Giulia Maidalchini,,,Q4741451,Person,[Ambiguous] 可能是误指 Olimpia Maidalchini 或 Pamphilj 家族其他女性。,,,No results found,Ambiguous,2003 film by Toshiya Ueno,Deep Match via 'Ambiguous' (From Notes): Ambiguous (Score: 95.0)
Giuliano Colonna (Prince of Stigliano),,,,Person,[Validation] 贵族。,,,No results found,,,
Giuliano Vacchelli,,,,Person,,,,No results found,,,
Giulio della Greca,,,,Person,[Validation] 可能是版画家/画家 (较小众)。,,,No results found,,,
Giuseppe Angelo Maria Carron (Marquis of Aigueblanche),,,,Person,[Validation] 萨伏伊外交官。,,,No results found,,,
Giuseppe Antonio Lotti,,Q168345,,Person,[Validation] 18世纪佛罗伦萨人物? 需区分 Antonio Lotti (作曲家)。,Antonio Lotti,Wikipedia Search Result,Smart Match via 'Giuseppe Antonio Lotti': Antonio Lotti (74.3),,,
Giuseppe Chiari / Tommaso Chiari,,Q3107986,,Person,[Split Required] 兄弟/父子画家。Giuseppe Chiari 是主要人物。,Giuseppe Bartolomeo Chiari,Wikipedia Search Result,Smart Match via 'Giuseppe Chiari / Tommaso Chiari': Giuseppe Bartolomeo Chiari (75.9),,,
Giuseppe Fochessati,,,Q49317,Person,[Validation] 曼图亚艺术写作者 (Gonzaga)。,,,No results found,Gonzaga,municipality of the Philippines in the province of Cagayan,Deep Match via 'Gonzaga' (From Notes): Gonzaga (Score: 95.0)
Giuseppe Lorenzo Moncallero,,,,Person,[Validation] 历史学家。,,,No results found,,,
Giuseppe Toninotto,,,,Person,[Validation] 18世纪威尼斯出版商?。,,,No results found,,,
Giuseppe de Rosis,,Q15812370,,Person,,Giuseppe de Rossi (archbishop of Acerenza e Matera),Wikipedia Match,Smart Match via 'Giuseppe de Rosis': Giuseppe de Rossi (archbishop of Acerenza e Matera) (94.1),,,
Gloria Chiarini de Anna,,,,Person,[Validation] 现代学者。,,,No results found,,,
Glorification of the Pisani Family,,,Q2060988,Work,[Validation] 提埃坡罗壁画 (Villa Pisani)。,,,No results found,Villa Pisani,"palace and museum in Stra, Veneto, Italy",Deep Match via 'Villa Pisani' (From Notes): Villa Pisani (Score: 95.0)
Glory of Venice,,,,Concept/Work,[Validation] 展览标题或概念 (Gory of Venice: Art in the Eighteenth Century)。,,,No results found,,,
God creating the Angels / Parnassus,,,Q2715152,Work,[Validation] 拉斐尔签字厅壁画 (The Parnassus 和天顶画)。,,,No results found,The Parnassus,fresco by Raphael,Deep Match via 'The Parnassus' (From Notes): The Parnassus (Score: 95.0)
Gordon Albion,,,,Person,[Validation] 历史学家。,,,No results found,,,
Gran Tempio Antico,,,,Work,[Validation] 可能是画作标题 (The Great Ancient Temple) 或描述。,,,No results found,,,
Grassi Collection,,,,Organization/Group,[Validation] 艺术收藏。,,,No results found,,,
Great Witley Church (St Michael and All Angels),,,Q4767190,Place,"[OCR Fix] ""Great WitleyWatson"" -> ""Great Witley"" (Watson可能是作者名误粘)。",,,No results found,Great Witley,"village and parish in Worcestershire, England",Deep Match via 'Great Witley' (From Notes): Great Witley (Score: 95.0)
Guidalocti Franchini,,,,Person,"[Check Original] 极生僻。可能是 ""Guidalotti Franchini""? 待定。",,,No results found,,,
Habsburg Collections (Prague),,,,Organization/Group,[Validation] 鲁道夫二世收藏。,,,No results found,,,
Habsburg Patronage,,,,Concept,[Validation] 艺术赞助。,,,No results found,,,
Hans Albrecht von Derschau?,,,Q37572942,Person,"[Check] ""Joachim von Derschau"" 可能是指普鲁士收藏家 Hans Albrecht von Derschau? 或者 Joachim von Sandrart 的亲戚? 搜索指向 19世纪收藏家 Hans Albrecht von Derschau。",,,No results found,Check,family name,Deep Match via 'Check' (From Notes): Check (Score: 95.0)
Hebrew Women singing after crossing the Red Sea,,,Q111821788,Work,[Validation] 绘画主题。,,,No results found,Crossing the Red Sea,painting by Wilhelm Kotarbiński,Deep Match via 'crossing the Red Sea' (Segment): Crossing the Red Sea (Score: 90.0)
Heroes approaching the Temple of Immortality,,,,Work,[Validation] 绘画主题。,,,No results found,,,
Hilda Finberg,,,Q182664,Person,[Validation] 艺术史学家 (Canaletto)。,,,No results found,Canaletto,Italian painter of landscapes (1697–1768),Deep Match via 'Canaletto' (From Notes): Canaletto (Score: 95.0)
Historic e di Maniera Veneziana,,,,Concept,[Validation] 艺术风格描述 (History painting in Venetian manner)。,,,No results found,,,
Hugues-Humbert Servien,,,Q104537734,Person,"[OCR Fix] ""Abb谷"" -> ""Abbé""。Servien 家族成员，克莱门特九世的侍从。",,,No results found,Servien,family name,Deep Match via 'Servien' (From Notes): Servien (Score: 95.0)
"Illustration for ""Newtonianismo per le dame""",,,,Work,[Category Fix] 阿尔加罗蒂著作的封面插图。,,,No results found,,,
Illustrations for De Bello Belgico,,,Q2531858,Work,[Validation] Famiano Strada 书籍的插图。,,,No results found,Famiano Strada,Italian historian (1572-1649),Deep Match via 'Famiano Strada' (From Notes): Famiano Strada (Score: 95.0)
Illustrations for Latin Poems,,,Q64873683,Work,[Validation] 可能是 Barberini 的诗集插图。,,,No results found,Barberini,family name,Deep Match via 'Barberini' (From Notes): Barberini (Score: 95.0)
Images of Palladian Architecture,,Q264649,,Work,[Validation] 可能是书籍或版画集。,Palladian architecture,Wikipedia Search Result,Smart Match via 'Images of Palladian Architecture': Palladian architecture (81.5),,,
Imago Primi Saeculi Societatis Jesu,,,,Work,[Validation] 耶稣会书籍。,,,No results found,,,
Indecency in art,,,,Concept,[Validation] 艺术史议题。,,,No results found,,,
Influence of late 17th-century wars on art patronage,,,,Concept,[Category Fix] 历史/艺术史概念。,,,No results found,,,
Interior of Sant'Andrea al Quirinale,,Q1354667,,Work,[Validation] 画作/版画主题 (Panini等)。,Sant'Andrea al Quirinale,Wikipedia Search Result,Smart Match via 'Interior of Sant'Andrea al Quirinale': Sant'Andrea al Quirinale (80.0),,,
Jacopo Pedozzi,,,,Person,[Validation] 灰泥艺术家 (18世纪)。,,,No results found,,,
Jacques Duyvelant,,,Q7299999,Person,[Reconstruction] 佛兰芒画家。 | [Validation] 17世纪佛兰芒画家 (Antwerp)。,,,No results found,ReConStruction,"science fiction convention held in Raleigh, NC, USA",Deep Match via 'Reconstruction' (From Notes): ReConStruction (Score: 95.0)
Jacques Tubeuf,,,Q25680625,Person,[Validation] 收藏家 (Poussin赞助人)。,,,No results found,Poussin,family name,Deep Match via 'Poussin' (From Notes): Poussin (Score: 95.0)
Jesuit Archives,,,,Place/Organization,[Validation] 档案机构。,,,No results found,,,
Johann Adalbert Veith,,,,Person,波希米亚/奥地利画家。,,,No results found,,,
"Johann Georg III, Elector of Saxony",,Q454483,,Person,[Validation] 萨克森选帝侯。,"John George III, Elector of Saxony",Wikipedia Search Result,"Smart Match via 'Johann Georg III, Elector of Saxony': John George III, Elector of Saxony (95.7)",,,
"Johann Wilhelm, Elector Palatinate",,Q64266,,Person,[Disambiguation] 普法尔茨选帝侯。 | [Validation] 同上。,"Johann Wilhelm, Elector Palatine",Wikipedia Search Result,"Smart Match via 'Johann Wilhelm, Elector Palatinate': Johann Wilhelm, Elector Palatine (97.0)",,,
John Breval,,Q3181013,,Person,[Reconstruction] 英国作家/旅行家。,John Beal (composer),Wikipedia Match,Smart Match via 'John Breval': John Beal (composer) (90.0),,,
Joint caricature of Simonelli and Mola,,,Q1178471,Work,[Validation] 讽刺画。,,,No results found,Mola,genus of fishes,Deep Match via 'Mola' (Segment): Mola (Score: 80.0)
"Juan de Tassis y Peralta, 2nd Count of Villamediana",,Q4111408,,Person,[Full Name] 西班牙诗人/外交官。,"Juan de Tassis, 2nd Count of Villamediana",Wikipedia Search Result,"Smart Match via 'Juan de Tassis y Peralta, 2nd Count of Villamediana': Juan de Tassis, 2nd Count of Villamediana (89.1)",,,
"Juno, Goddess of Air",,,,Work/Person,[Validation] 寓意画主题。,,,No results found,,,
Jupiter among the Corybantes,,,,Work,[Validation] 绘画主题。,,,No results found,,,
Jupiter giving Suck,,,Q79932428,Work,[Validation] 绘画主题 (可能是 Jupiter Suckled by the Goat Amalthea 的误读或变体)。,,,No results found,Jupiter Suckled by the Goat Amalthea,"print by Giulio Bonasone (Italian, c. 1510-aft 1576) (1980.97)",Deep Match via 'Jupiter Suckled by the Goat Amalthea' (From Notes): Jupiter Suckled by the Goat Amalthea (Score: 95.0)
Jupiter handed over by Cybele to the Corybantes,,,,Work,[Validation] 绘画主题。,,,No results found,,,
Jupiter sending down his Thunderbolts,,,Q215305,Work,[Validation] 绘画主题 (Giulio Romano等)。,,,No results found,Giulio Romano,Italian painter and architect (1499–1546),Deep Match via 'Giulio Romano' (From Notes): Giulio Romano (Score: 95.0)
Justinus (Historian) / Justin Martyr,,,Q1140419,Person,[Ambiguity] 可能是历史学家查士丁或殉道者查士丁。,,,No results found,ambiguity,type of uncertainty of meaning in which several interpretations are plausible,Deep Match via 'Ambiguity' (From Notes): ambiguity (Score: 95.0)
King Solomon Bathing,,,Q29017592,Work,"[Validation] 绘画主题 (可能指 Bathsheba?) 需确认。Solomon usually doesn't bathe in art. Maybe ""Bathsheba bathing""? or ""Susanna""?",,,No results found,Bathsheba,"painting by Artemisia Gentileschi, Viviano Codazzi and Domenico Gargiulo",Deep Match via 'Bathsheba' (From Notes): Bathsheba (Score: 105.0)
King's College Library,,Q245247,,Place,[Validation] 图书馆。,King's College London,Wikipedia Search Result,Smart Match via 'King's College Library': King's College London (74.4),,,
L'Inondazione del Tevere,,,,Work,[Validation] 画作标题。,,,No results found,,,
L'Osservatore Veneto,,,Q21449971,Work,[Category Fix] 报刊名（Gozzi 等人创办）。,,,No results found,Gozzi,family name,Deep Match via 'Gozzi' (From Notes): Gozzi (Score: 95.0)
"La Beata Vergine in Egitto, e S. Giuseppe",,,,Work,[Validation] 绘画主题。,,,No results found,,,
La Burla del Piovano Arlotto,,,Q7940791,Work,[Validation] 画作标题 (Volterrano/Giovanni da San Giovanni)。,,,No results found,Volterrano,"human settlement in Città di Castello, Province of Perugia, Umbria, Italy",Deep Match via 'Volterrano' (From Notes): Volterrano (Score: 95.0)
La Chiesa di Gesù Cristo vendicata...,,,,Work,[Validation] 书籍标题。,,,No results found,,,
La Galleria di Minerva,,,Q126916,Work,"[OCR Fix] ""Minervat VI"" -> ""Minerva, t. VI"" (期刊/丛书)。",,,No results found,Minerva,"Roman goddess of wisdom and sponsor of arts, trade, and defense",Deep Match via 'Minerva' (From Notes): Minerva (Score: 95.0)
La rissa all'Ambasciata di Spagna,,,,Work,[Validation] 绘画主题 (The Brawl at the Spanish Embassy)。,,,No results found,,,
Labia Collection,,,Q123054369,Organization/Group,[Category Fix] 原文误标为 Man-Made Object。,,,No results found,Man-Made Object,song by Lemon Demon,Deep Match via 'Man-Made Object' (From Notes): Man-Made Object (Score: 95.0)
Le Arti che vanno per via nella città di Venezia,,,Q99982055,Work,[Validation] Zompini 版画集 (Venetian Cries)。,,,No results found,Zompini,family name,Deep Match via 'Zompini' (From Notes): Zompini (Score: 95.0)
Le Fabbriche e Vedute di Venetia,,,Q71158447,Work,[Validation] Carlevarijs 版画集。,,,No results found,Carlevarijs,family name,Deep Match via 'Carlevarijs' (From Notes): Carlevarijs (Score: 95.0)
Leonardo Pasqueti,,,,Person,[Validation] 人物。,,,No results found,,,
Leonardo Pasquetti,,,,Person,,,,No results found,,,
Leonardo Pesaro,,Q6526057,,Person,[Validation] 威尼斯贵族。,Leonardo Pekarnik,Wikipedia Match,Smart Match via 'Leonardo Pesaro': Leonardo Pekarnik (81.2),,,
Leonardo Valmarana,,Q58242549,,Person,[Validation] 贵族。 | 帕拉迪奥的赞助人。,Loggia Valmarana,Wikipedia Search Result,Smart Match via 'Leonardo Valmarana': Loggia Valmarana (76.5),,,
Leto turning the Shepherds into Frogs,,,,Work,[Validation] 绘画主题。,,,No results found,,,
Lita-Rose Betcherman,,,Q2462938,Person,[Validation] 作家/历史学家 (Balthasar Gerbier)。,,,No results found,Balthazar Gerbier,"Anglo-Dutch courtier, diplomat (1592–1663)",Deep Match via 'Balthasar Gerbier' (From Notes): Balthazar Gerbier (Score: 89.4)
Lodovico Gabrielli,,,Q21493802,Person,"[OCR Fix] ""Gabrieli"" -> ""Gabrielli"" (可能)。也有可能是 Lodovico Gabriel。",,,No results found,Gabrieli,family name,Deep Match via 'Gabrieli' (From Notes): Gabrieli (Score: 95.0)
Lodovico Rezzonico,,Q1052171,,Person,[Validation] 威尼斯贵族 (Procuratore)。,Ca' Rezzonico,Wikipedia Search Result,Smart Match via 'Lodovico Rezzonico': Ca' Rezzonico (71.0),,,
Lorenzo del Rosso,,,,Person,[Validation] 建筑师。,,,No results found,,,
Luca Bartolotti,,,,Person,[Validation] 人物。,,,No results found,,,
Luca Ombrosi,,,,Person,[Validation] 18世纪佛罗伦萨作家 (Life of Gian Gastone)。,,,No results found,,,
Lucchese Community,,Q281284,,Group,[Category Fix] 原文误标为 Place。,Lucchese crime family,Wikipedia Search Result,Smart Match via 'Lucchese Community': Lucchese crime family (71.8),,,
Lucien Marcheix,,,,Person,[Validation] 历史学家 (19世纪)。,,,No results found,,,
Luigi Teodoli,,,,Person,[Validation] 建筑师? 或客户。,,,No results found,,,
M. de Bordeaux,,Q37878,,Person,[Validation] 人物 (法国外交官?)。,Dogue de Bordeaux,Wikipedia Search Result,Smart Match via 'M. de Bordeaux': Dogue de Bordeaux (77.4),,,
Marchands-amateurs,,,Q123054369,Concept,[Category Fix] 原文误标为 Man-Made Object。指“业余艺术商”这一特定历史群体/概念。,,,No results found,Man-Made Object,song by Lemon Demon,Deep Match via 'Man-Made Object' (From Notes): Man-Made Object (Score: 95.0)
Marchese Raggi,,,Q57232940,Person,可能是 Lorenzo Raggi 或该家族成员（如 Bernini 的赞助人），保留头衔。,,,No results found,Lorenzo Raggi,Italian geneticist,Deep Match via 'Lorenzo Raggi' (From Notes): Lorenzo Raggi (Score: 95.0)
Marchese Ruspoli,,,Q123054369,Person,[Category Fix] 原文误标为 Man-Made Object。Francesco Maria Ruspoli 等。,,,No results found,Man-Made Object,song by Lemon Demon,Deep Match via 'Man-Made Object' (From Notes): Man-Made Object (Score: 95.0)
Marchigian town,,,,Place,泛指马尔凯大区的城镇。,,,No results found,,,
Marguerite Calberg,,,Q1071027,Person,"[Full Name] ""Melle""即Mlle，比利时纺织/艺术史学者。",,,No results found,full name,set of names by which an individual is known,Deep Match via 'Full Name' (From Notes): full name (Score: 95.0)
Maria Elena Ghelli,,,,Person,,,,No results found,,,
Maria Pamphilj,,Q1203458,,Person,[Spelling Fix] 标准化拼写为 Pamphilj (Olimpia Maidalchini 的女儿等)。,Galleria Doria Pamphilj,Wikipedia Search Result,Smart Match via 'Maria Pamphilj': Galleria Doria Pamphilj (70.3),,,
Mario D'Orsi,,,,Person,现代艺术评论家/学者。,,,No results found,,,
Mark Samuel Weil,Q125296744,,,Person,现代艺术史学家（巴洛克雕塑研究）。,,,No results found,,,
Marriage Allegory of the Rezzonico Family,,,Q63380855,Work,[Category Fix] 提埃坡罗在 Ca' Rezzonico 的天顶画。,,,No results found,Ca' Rezzonico,ACTV stop in Venice,Deep Match via 'Ca' Rezzonico' (From Notes): Ca' Rezzonico (Score: 95.0)
Martirii patiti dai Santi Martiri per la confessione di Cristo,,,Q16884393,Work,[Typo Fix] 书籍/版画集标题，安东尼奥·坦佩斯塔（Tempesta）等人的作品。,,,No results found,Tempesta,family name,Deep Match via 'Tempesta' (From Notes): Tempesta (Score: 95.0)
Martyrdom of Saint John the Bishop,,,Q628,Work,[Category Fix] 可能是 Bergamo 的 Tiepolo 画作（St John of Bergamo）。,,,No results found,Bergamo,"comune in Lombardy, Italy",Deep Match via 'Bergamo' (From Notes): Bergamo (Score: 95.0)
María Antonieta Gatas,,,Q23006895,Person,"[OCR Fix] ""Mar赤a"" -> ""María""。Gatas 可能是 Gallas 或类似拼写，保留原词待查，或是现代学者名。",,,No results found,Gatas,mountain in Cape Verde,Deep Match via 'Gatas' (From Notes): Gatas (Score: 95.0)
Matteo da Città di Castello,,Q729485,,Person,[Reconstruction] 文艺复兴建筑师。,Diocese of Città di Castello,Wikipedia Search Result,Smart Match via 'Matteo da Città di Castello': Diocese of Città di Castello (72.7),,,
Matteo del Teglia,,,,Person,托斯卡纳外交官/代理人。,,,No results found,,,
Mattia Rosichino,,,Q323034,Person,[Disambiguation] 17世纪巴贝里尼宫画廊的管理者（guardaroba）和导览手册作者。,,,No results found,garderobe,"room in medieval castles, usually for toilet",Deep Match via 'guardaroba' (From Notes): garderobe (Score: 70.0)
Medici Villa of Poggio a Caiano,,Q733389,,Place,美第奇别墅。,Villa di Poggio a Caiano,Wikipedia Search Result,Smart Match via 'Medici Villa of Poggio a Caiano': Villa di Poggio a Caiano (90.0),,,
Mercury awaking Aeneas,,,,Work,[Category Fix] 画作主题（如提埃坡罗作品）。,,,No results found,,,
Michele Lauretano,,,,Person,17世纪耶稣会士（Collegio Romano 院长）。,,,No results found,,,
Mina Pajes Merriman,,,Q528620,Person,艺术史学家（Giuseppe Maria Crespi 专家）。,,,No results found,Giuseppe Maria Crespi,Italian painter (1665–1747),Deep Match via 'Giuseppe Maria Crespi' (From Notes): Giuseppe Maria Crespi (Score: 95.0)
Mississippi Gallery,,Q15961641,,Organization,[Context] 需结合具体语境，可能是现代博物馆（Mississippi Museum of Art）或误读。,Mississippi Museum of Art,Wikipedia Search Result,Smart Match via 'Mississippi Gallery museum': Mississippi Museum of Art (73.6),,,
Modello for the Apotheosis of St Ignatius,,,Q380103,Work,[Category Fix] 波佐（Andrea Pozzo）的草稿。,,,No results found,Andrea Pozzo,painter of the Late Baroque (1642-1709),Deep Match via 'Andrea Pozzo' (From Notes): Andrea Pozzo (Score: 95.0)
Modello for the Glory of St Aloysius Gonzaga,,,,Work,[Category Fix] 波佐的草稿。,,,No results found,,,
Mola painting the portrait of Pope Alexander VII,,,Q1178471,Work,[Category Fix] 乔瓦尼·巴蒂斯塔·高利（Baciccio）或 Mola 的画作。,,,No results found,Mola,genus of fishes,Deep Match via 'Mola' (From Notes): Mola (Score: 95.0)
Monsieur de Saint-Sauveur,,,Q1123462,Person,[Context] 可能是法国外交官或相关人物。,,,No results found,ConTeXt,general-purpose document processor,Deep Match via 'Context' (From Notes): ConTeXt (Score: 95.0)
Monsignor Olivieri,,,Q3063732,Person,可能是 Fabio Olivieri (红衣主教) 等。,,,No results found,Fabio degli Abati Olivieri,Italian cardinal (1658-1738),Deep Match via 'Fabio Olivieri' (From Notes): Fabio degli Abati Olivieri (Score: 66.5)
Monument to Doge Giovanni Pesaro,,,Q19902284,Work,[Category Fix] 位于 Frari 教堂的陵墓雕塑。,,,No results found,Frari,family name,Deep Match via 'Frari' (From Notes): Frari (Score: 95.0)
Monument to Pope Gregory XV,,Q132692,,Work,[Category Fix] 墓葬雕塑（如 Le Gros 的作品）。,Pope Gregory XV,Wikipedia Search Result,Smart Match via 'Monument to Pope Gregory XV': Pope Gregory XV (71.4),,,
Monument to the 1st Duke of Marlborough,,Q153803,,Work,[Category Fix] 里斯伯勒（Rysbrack）在布伦海姆宫的作品。,"John Churchill, 1st Duke of Marlborough",Wikipedia Search Result,"Smart Match via 'Monument to the 1st Duke of Marlborough': John Churchill, 1st Duke of Marlborough (71.8)",,,
Moses Trampling on Pharaoh's Crown,,,Q37452990,Work,"[Typo Fix] ""Pharoah"" -> ""Pharaoh""。普桑等人的画作主题。",,,No results found,Pharoah,family name,Deep Match via 'Pharoah' (From Notes): Pharoah (Score: 95.0)
Mostra dei Remondini,,,,Event,[Category Fix] 1958年在巴萨诺举办的重要展览。,,,No results found,,,
Mostra del Tiepolo,,,,Event,[Category Fix] 1971年在乌迪内举办的提埃坡罗大展。,,,No results found,,,
Mourners at Tomb of Francesco Algarotti in Pisa,,,,Work,[Category Fix] 特定画作或版画主题。,,,No results found,,,
Mucius Scaevola at the Altar,,,,Work,[Category Fix] 穆齐奥·斯凯沃拉历史画主题。,,,No results found,,,
Murals at Windsor Castle,,Q42646,,Work,[Category Fix] 温莎城堡壁画（如 Verrio 的作品）。,Windsor Castle,Wikipedia Search Result,Smart Match via 'Murals at Windsor Castle': Windsor Castle (73.7),,,
Murals for the Vienna Residence,,,,Work,[Category Fix] 可能是指列支敦士登宫或其他维也纳宫殿壁画。,,,No results found,,,
Museo della Torre di San Marco,,,,Organization,[Category Fix] 可能是特定的小型博物馆，需确认具体城市。,,,No results found,,,
Napoleonic government,,Q151060,,Organization,[Context] 指拿破仑统治时期的政府机构。,Napoleonic Code,Wikipedia Search Result,Smart Match via 'Napoleonic government': Napoleonic Code (72.2),,,
Naudaeana,,,Q710176,Work,[Category Fix] 加布里埃尔·诺德（Gabriel Naudé）的语录集。,,,No results found,Gabriel Naudé,"French librarian, 1600–1653",Deep Match via 'Gabriel Naud' (From Notes): Gabriel Naudé (Score: 91.2)
Nepotism in Rome,,,,Concept,[Category Fix] 历史现象/概念。,,,No results found,,,
Neptune Paying Homage to Venice,,,,Work,[Category Fix] 提埃坡罗在公爵宫的画作。,,,No results found,,,
Nero being shown the Corpse of Seneca,,,,Work,[Category Fix] 历史画主题。,,,No results found,,,
Niccolò Melanconici,,,Q122376269,Person,"[OCR Fix/Typo] ""辰""应为""ò""。姓氏可能是 Menghini (雕塑家) 或 Melchiorri 的误拼。",,,No results found,TYPO,2021 video game,Deep Match via 'Typo' (From Notes): TYPO (Score: 95.0)
Nicola del Rosso,,,,Person,,,,No results found,,,
Officium Beatae Mariae Virginis,,,,Work,[Validation] 圣母日课 (手稿/书)。,,,No results found,,,
Oratory/Church of Santa Cecilia (Bologna),,Q17013094,,Place,[Validation] 博洛尼亚教堂。,"Oratorio di Santa Cecilia, Bologna",Wikipedia Search Result,"Smart Match via 'Oratory/Church of Santa Cecilia (Bologna)': Oratorio di Santa Cecilia, Bologna (77.3)",,,
Orazio Marucelli,,,,Person,佛罗伦萨参议员/贵族。,,,No results found,,,
Oriental Customs,,Q1251541,,Work,[Category Fix] 书籍或版画集标题。,Oriental rug,Wikipedia Search Result,Smart Match via 'Oriental Customs painting': Oriental rug (71.4),,,
Oriental Heads,,Q2099338,,Work,[Category Fix] 提埃坡罗或Castiglione的版画系列。,Oriental Longhair,Wikipedia Search Result,Smart Match via 'Oriental Heads': Oriental Longhair (71.0),,,
Original proposals for reclaiming Prato della Valle,,,Q2636862,Work,"[OCR Fix] ""Pr角 de?a Va?e"" -> ""Prato della Valle"" (帕多瓦河谷草地广场)。",,,No results found,Prato della Valle,"square in Padua, Italy",Deep Match via 'Prato della Valle' (From Notes): Prato della Valle (Score: 95.0)
Osvaldo Böhm Photograph Collection,,,,Work,"[OCR Fix] ""B?hm"" -> ""Böhm""。摄影收藏。",,,No results found,,,
Ottavio Novaroli,,,Q1263068,Person,"17世纪人物（可能是神职人员）。 | [Duplicate] 同 Novaroli, P. Octavio。",,,No results found,duplicate entry,duplicate database entry (see Q17362920 Wikimedia duplicated page); reason for deprecation,Deep Match via 'Duplicate' (From Notes): duplicate entry (Score: 71.2)
"Où sont des pasteurs, des bergères et des moutons",,,Q12785738,Work,"[OCR Fix] ""O迄"" -> ""Où"", ""berg豕res"" -> ""bergères""。画作描述/标题。",,,No results found,Berg,family name,Deep Match via 'berg' (From Notes): Berg (Score: 95.0)
P. Carlo de' Conti Lodoli Veneziano forse il Socrate Architetto,,,,Work,[OCR Fix] 书籍/版画标题，指卡洛·洛多利。,,,No results found,,,
Padre Massimo,,,Q1081418,Person,可能是指 Camillo Massimi 或其他修道士。,,,No results found,Carlo Camillo II Massimo,Cardinal and patron of the arts (1620-1677),Deep Match via 'Camillo Massimi' (From Notes): Carlo Camillo II Massimo (Score: 68.2)
Paintings for the Church in Salamanca,,,,Work,[Category Fix] 特定委托作品（如提埃坡罗等）。,,,No results found,,,
Palazzo Buonaccorsi Art Collection,,Q262019,,Concept,[Category Fix] 收藏概念。,Palazzo Buonaccorsi,Wikipedia Search Result,Smart Match via 'Palazzo Buonaccorsi Art Collection': Palazzo Buonaccorsi (71.7),,,
Palazzo Taddeo,,,Q953429,Place,[Verification] 可能是指 Palazzo Taddei (Florence) 或其他具体宫殿。,,,No results found,verification,"process of validating something, e.g. that a suspected fact is true",Deep Match via 'Verification' (From Notes): verification (Score: 95.0)
Palazzo Zenobio,,,,Place,[Category Fix] 威尼斯宫殿。,,,No results found,,,
Paola Berselli Ambri,,,,Person,现代学者（文学/历史）。,,,No results found,,,
Paolo Maccarani,,,,Person,,,,No results found,,,
Patron-artist relationship,,,,Concept,,,,No results found,,,
Pendentive Frescoes of the Church of the Gesù,,,,Work,"[OCR Fix] ""Ges迄"" -> ""Gesù""。高利（Baciccio）的壁画。",,,No results found,,,
Philippe Zygodon,,,Q126592664,Person,[Verify] 可能是现代人名或笔名，Zygodon 也是一种苔藓。待确认是否为 OCR 错误。,,,No results found,Verify,News channel addressing disinformation,Deep Match via 'Verify' (From Notes): Verify (Score: 95.0)
Pierre Motteux and his Family,,,Q28045163,Work,[Category Fix] 画作（可能是 Giovanni Antonio Pellegrini 的作品）。,,,No results found,Giovanni Antonio Pellegrini,painting by Giovanni Antonio Pellegrini,Deep Match via 'Giovanni Antonio Pellegrini' (From Notes): Giovanni Antonio Pellegrini (Score: 105.0)
Pietro Antonio Toni,,,,Person,,,,No results found,,,
Pietro Zuccoli,,,,Person,,,,No results found,,,
Pinacoteca Nazionale di Lucca,,,,Organization,[Category Fix] 卢卡国立美术馆。,,,No results found,,,
"Pope Pius V, St Thomas Aquinas, and St Vincent Ferrer",,,Q21715895,Work,[Category Fix] 画作主题。,,,No results found,St Vincent Ferrer,"painting by Juan de Juanes (Vicente Juan Masip), circa 1510-1579",Deep Match via 'St Vincent Ferrer' (Segment): St Vincent Ferrer (Score: 90.0)
Portrait of Field Marshal Schulenburg,,,,Work,[Category Fix] 帕尼尼或瓜尔迪等人的画作。,,,No results found,,,
Portrait of Madame Rosenberg,,,Q37188537,Work,[Category Fix] 可能是 Orsini-Rosenberg 伯爵夫人，Giustiniani 曾为其作画。,,,No results found,Giustiniani,family name,Deep Match via 'Giustiniani' (From Notes): Giustiniani (Score: 95.0)
Portrait of Streit's Father,,,Q107447653,Work,[Category Fix] Sigismund Streit 的相关画作。,,,No results found,Sigismund Streit,painting by Joseph Wagner,Deep Match via 'Sigismund Streit' (From Notes): Sigismund Streit (Score: 105.0)
Portrait of Streit's Mother,,,,Work,[Category Fix],,,No results found,,,
Portrait of Streit's Sister,,,,Work,[Category Fix],,,No results found,,,
Portrait of the Queen of Prussia,,,Q123998570,Work,[Category Fix] 可能是 Pesne 的画作。,,,No results found,Pesne,family name,Deep Match via 'Pesne' (From Notes): Pesne (Score: 95.0)
Portraits of Venetian Cardinals,,,,Work,[Category Fix] 系列画作。,,,No results found,,,
Portraits of Venetian Popes,,,,Work,[Category Fix] 系列画作。,,,No results found,,,
Portraits of the Doges of Venice,,Q17637706,,Work,[Category Fix] 总督宫的官方肖像系列。,History of the Doge's Palace in Venice,Wikipedia Search Result,Smart Match via 'Portraits of the Doges of Venice palace': History of the Doge's Palace in Venice (75.7),,,
Presenzini Cigoli,,,Q4741451,Person,[Ambiguous] 可能是 Lodovico Cigoli 的作品在 Presenzini 处，或是 OCR 误读。暂作 Person。,,,No results found,Ambiguous,2003 film by Toshiya Ueno,Deep Match via 'Ambiguous' (From Notes): Ambiguous (Score: 95.0)
Prices paid to artists,,,,Concept,[Category Fix] 经济史概念。,,,No results found,,,
Prince Peretti,,,Q23020710,Person,Peretti 家族亲王（如 Francesco Peretti）。,,,No results found,Peretti,family name,Deep Match via 'Peretti' (From Notes): Peretti (Score: 95.0)
Prince Pio di Savoia,,Q5479509,,Person,,Francesco Pio di Savoia,Wikipedia Search Result,Smart Match via 'Prince Pio di Savoia': Francesco Pio di Savoia (83.7),,,
Princess of Rossano,,,Q7086876,Person,Olimpia Aldobrandini 的头衔之一。,,,No results found,Olimpia Aldobrandini,Aldobrandini family member,Deep Match via 'Olimpia Aldobrandini' (From Notes): Olimpia Aldobrandini (Score: 95.0)
Procuratore Canale,,,,Person,[Validation] 官衔+姓氏。,,,No results found,,,
Prospero Pesci,,,Q2113358,Person,"18世纪博洛尼亚画家。 | [OCR Fix] ""Gasparo Prospero"" -> ""Prospero""? Prospero Pesci 是罗马画家。Gasparo 可能是误加。",,,No results found,Prospero,male given name,Deep Match via 'Prospero' (From Notes): Prospero (Score: 95.0)
Provincial centres of art patronage,,,,Concept,[Category Fix],,,No results found,,,
Publishers in Venice,,,,Group,[Category Fix] 职业群体。,,,No results found,,,
Quadri che rappresentano fatti della Sacra Scrittura,,,Q308885,Work,"[OCR Fix] ""Quadi"" -> ""Quadri""。指描绘圣经故事的画作系列。",,,No results found,Quadi,Germanic tribe,Deep Match via 'Quadi' (From Notes): Quadi (Score: 95.0)
Queen Jezebel Being Punished by Jehu,,,Q332494,Work,[Category Fix] 耶洗别之死（Luca Giordano 等人画作）。,,,No results found,Luca Giordano,Italian Baroque painter (1634–1705),Deep Match via 'Luca Giordano' (From Notes): Luca Giordano (Score: 95.0)
Raccolta di centododici stampe...,,,,Work,[Category Fix] 版画集（如瓦萨里、提埃坡罗等作品集）。,,,No results found,,,
Raphael Loggias,,,,Place,梵蒂冈拉斐尔回廊。,,,No results found,,,
Reception of Landscapes,,,Q16881132,Concept,[Category Fix] 原文误标为 Person。,,,No results found,Person,family name,Deep Match via 'Person' (From Notes): Person (Score: 95.0)
Relief of Field Marshal Schulenburg,,,Q37575942,Work,[Category Fix] 舒伦堡元帅的浮雕像（Corradini 作）。,,,No results found,Corradini,family name,Deep Match via 'Corradini' (From Notes): Corradini (Score: 95.0)
Religion Overthrowing Heresy,,,Q104591742,Work,[Category Fix] Le Gros 的雕塑或画作主题。,,,No results found,Le Gros,family name,Deep Match via 'Le Gros' (From Notes): Le Gros (Score: 95.0)
Religious Decorations at Whitehall,,,,Work,[Category Fix] 鲁本斯的天顶画或詹姆斯二世时期的装饰。,,,No results found,,,
Remondini family,,Q3932513,,Group,[Category Fix] 著名的巴萨诺印刷家族。,Remondini (firm),Wikipedia Search Result,Smart Match via 'Remondini family': Remondini (firm) (72.0),,,
Ritratto con cristallo,,,Q41719,Work,"[OCR Fix/Hypothesis] ""aistallo"" -> ""cristallo"" (Portait with a crystal)? 或其他物体。待查特定画作。",,,No results found,hypothesis,"proposed explanation for an observation, phenomenon, or scientific problem",Deep Match via 'Hypothesis' (From Notes): hypothesis (Score: 95.0)
Robert Alexander Waller Fund,,,,Organization,[Category Fix] 芝加哥艺术博物馆的基金。,,,No results found,,,
Rococo Pavilion,,,Q1123462,Place,[Context] 可能是宁芬堡的 Amalienburg 等。,,,No results found,ConTeXt,general-purpose document processor,Deep Match via 'Context' (From Notes): ConTeXt (Score: 95.0)
Rosalba Lorenzetti,,,,Person,现代学者/图书管理员。,,,No results found,,,
Ruins of the Church of the Cross,,,Q19273481,Work,[Category Fix] 可能是 Pannini 或 Hubert Robert 的画作。,,,No results found,Hubert Robert,painting by Élisabeth Vigée Le Brun,Deep Match via 'Hubert Robert' (From Notes): Hubert Robert (Score: 105.0)
Sacrifices to Priapus,,,,Work,[Category Fix] 祭祀普里阿普斯的主题。,,,No results found,,,
Samson Slaying a Thousand with the Jawbone of an Ass,,,Q71916787,Work,[Category Fix] 艺术主题。,,,No results found,The jawbone of an ass,scientific article published on 01 July 1981,Deep Match via 'the Jawbone of an Ass' (Segment): The jawbone of an ass (Score: 80.0)
San Niccolò al Lido,,Q379102,,Place,威尼斯利多岛教堂。,Monastery of San Nicolò al Lido,Wikipedia Search Result,Smart Match via 'San Niccolò al Lido': Monastery of San Nicolò al Lido (72.0),,,
Saverio Savini,,,,Person,,,,No results found,,,
Scenes from the Life of Scipio Africanus,,,,Work,[Category Fix] 历史画系列。,,,No results found,,,
Scenes of Christian Warfare,,,,Work,[Category Fix] 可能是圣战或十字军主题画作。,,,No results found,,,
Scenes of Venetian Noble Life,,,Q447058,Work,[Category Fix] Pietro Longhi 或 Guardi 的风俗画。,,,No results found,Pietro Longhi,Italian painter (1701-1785),Deep Match via 'Pietro Longhi' (From Notes): Pietro Longhi (Score: 95.0)
School of Carlo Cignani,,Q239980,,Group,[Category Fix] 艺术流派/工作室。,Carlo Cignani,Wikipedia Search Result,Smart Match via 'School of Carlo Cignani': Carlo Cignani (72.2),,,
Schönborn family,,Q872801,,Group,"[OCR Fix] ""Sch?nborn"" -> ""Schönborn""。德国贵族家族。",Schönburg family,Wikipedia Match,Smart Match via 'Schönborn family': Schönburg family (97.5),,,
Sculptures for the Cathedral,,,,Work,[Category Fix] 泛指，需结合具体教堂。,,,No results found,,,
Scuola Grande dei Carmini / Carità?,,,Q1140419,Place,"[Ambiguity] ""Carita"" 可能是 ""Santa Maria della Carità"" (威尼斯学院美术馆前身)。",,,No results found,ambiguity,type of uncertainty of meaning in which several interpretations are plausible,Deep Match via 'Ambiguity' (From Notes): ambiguity (Score: 95.0)
Sebastiano Marcotti,,,Q1263068,Person,17世纪版画家（活跃于那不勒斯）。 | [Duplicate],,,No results found,duplicate entry,duplicate database entry (see Q17362920 Wikimedia duplicated page); reason for deprecation,Deep Match via 'Duplicate' (From Notes): duplicate entry (Score: 71.2)
Sebastiano Molino,,,Q27876769,Person,可能是 Sebastiano Molina (画家) 或 Molin 家族成员。,,,No results found,Molin,family name,Deep Match via 'Molin' (From Notes): Molin (Score: 95.0)
Self-Portrait as Winter,,Q2546309,,Work,[Category Fix] 罗萨尔巴·卡列拉的色粉画。,"Self-Portrait (Dürer, Munich)",Wikipedia Search Result,"Smart Match via 'Self-Portrait as Winter': Self-Portrait (Dürer, Munich) (72.2)",,,
Series of Egyptian Figures,,,Q7197717,Work,[Category Fix] 可能是 Piranesi 的装饰设计。,,,No results found,Piranesi,family name,Deep Match via 'Piranesi' (From Notes): Piranesi (Score: 95.0)
Series of Etruscan Phallic Symbols,,,,Work,[Category Fix] 考古绘图或收藏。,,,No results found,,,
Service de Documentation Photographique des Musées Nationaux,,,,Organization,[Category Fix] 法国博物馆影像中心（RMN）。,,,No results found,,,
Servizio particolare,,,,Concept,"[Category Fix] ""Specific Service"" (Diplomatic or artistic commission)。",,,No results found,,,
Sheila Rinehart,,,,Person,艺术史学家。,,,No results found,,,
Silvia Meloni Trkulja,,,,Person,现代艺术史学家（佛罗伦萨专家）。,,,No results found,,,
Sketch for Venus at the Forge of Vulcan,,,Q16860286,Work,[Category Fix] 提埃坡罗或 Boucher 的草图。,,,No results found,Boucher,family name,Deep Match via 'Boucher' (From Notes): Boucher (Score: 95.0)
Social position of the artist,,,,Concept,[Category Fix] 社会史概念。,,,No results found,,,
Social significance of painting,,,,Concept,[Category Fix] 研究主题。,,,No results found,,,
Social status of artists,,,,Concept,[Validation] 艺术史研究主题。,,,No results found,,,
Soderini family,,Q6806668,,Group,佛罗伦萨家族。,Medici family tree,Wikipedia Search Result,Smart Match via 'Soderini family family': Medici family tree (70.6),,,
Soprintendenza alle Gallerie,,,,Organization,[Category Fix] 意大利文物监管机构。,,,No results found,,,
Spanish patronage,,,,Concept,[Category Fix],,,No results found,,,
St Stanislaus Kostka on his Deathbed,,,Q104591742,Work,[Category Fix] Le Gros 的著名雕塑。,,,No results found,Le Gros,family name,Deep Match via 'Le Gros' (From Notes): Le Gros (Score: 95.0)
Stamperia Albrizzi,,,Q61960994,Organization,[Category Fix] 威尼斯印刷厂。 | [Category Fix] 威尼斯著名出版商 Albrizzi。,,,No results found,Albrizzi,family name,Deep Match via 'Albrizzi' (From Notes): Albrizzi (Score: 95.0)
State Inquisition,,Q43173,,Organization,"[OCR Fix] ""Squidition"" -> ""Inquisition""。威尼斯国家宗教裁判所/特务机构。",Inquisition,Wikipedia Search Result,Smart Match via 'State Inquisition': Inquisition (78.6),,,
Statue of Field Marshal Schulenburg,,,Q1263068,Work,[Category Fix] 科拉迪尼的作品（科孚岛）。 | [Duplicate] 同 3582。,,,No results found,duplicate entry,duplicate database entry (see Q17362920 Wikimedia duplicated page); reason for deprecation,Deep Match via 'Duplicate' (From Notes): duplicate entry (Score: 71.2)
Statue of Hercules killing the Hydra,,,Q99905747,Work,[Category Fix] 古代雕塑修复（Algardi 等）。,,,No results found,Algardi,family name,Deep Match via 'Algardi' (From Notes): Algardi (Score: 95.0)
Statues of the Apostles (Lateran),,,Q37127610,Work,[Category Fix] 拉特朗大殿的使徒像系列（Rusconi 等）。,,,No results found,Rusconi,family name,Deep Match via 'Rusconi' (From Notes): Rusconi (Score: 95.0)
Status-seeking (Concept),,,,Concept,[Validation] 社会学/艺术史概念。,,,No results found,,,
Stefano Sagredo,,,,Person,,,,No results found,,,
Stoicism in 17th century,,,,Concept,[Category Fix] 哲学思潮。,,,No results found,,,
Strada Emanuele,,,,Place,可能是马耳他或意大利某地街道。,,,No results found,,,
Strength protecting Wisdom,,,,Work,[Category Fix] 提埃坡罗的画作。,,,No results found,,,
Study for the Fountain of the Four Rivers,,,,Work,[Validation] 贝尼尼作品草图。,,,No results found,,,
Sulla maniera di Zorzone,,,Q216353,Work,"[Category Fix] ""On the manner of Giorgione"" (Title/Concept)。",,,No results found,title,"qualified name, rank, or other indication of a class or role given to or inherited by a person, often affixed to a person's name",Deep Match via 'Title' (From Notes): title (Score: 95.0)
Tarantella Dancers,,Q324617,,Work,[Category Fix] 可能是专门描绘塔兰泰拉舞的画作或版画。,Tarantella,Wikipedia Search Result,Smart Match via 'Tarantella Dancers': Tarantella (71.4),,,
Tavole Barberini,,,Q2245140,Work,[Category Fix] Fra Carnevale 的著名画板（现分藏纽约和波士顿）。,,,No results found,Fra Carnevale,Italian painter (1420-1484),Deep Match via 'Fra Carnevale' (From Notes): Fra Carnevale (Score: 95.0)
Teodora dal Pozzo,,,Q1048333,Person,Cassiano dal Pozzo 的女儿/继承人。,,,No results found,Cassiano dal Pozzo,Italian scholar and art patron (1588-1657),Deep Match via 'Cassiano dal Pozzo' (From Notes): Cassiano dal Pozzo (Score: 95.0)
Teresa Maria Marcellino,,,Q126592664,Person,[Verify] 可能是 Teresa Maria Marcolini (歌手) 或其他名字的误读。,,,No results found,Verify,News channel addressing disinformation,Deep Match via 'Verify' (From Notes): Verify (Score: 95.0)
The Adoration of the Mystic Lamb,,Q7605295,,Work,[Category Fix] 根特祭坛画（凡·艾克）。,Stealing the Mystic Lamb,Wikipedia Search Result,Smart Match via 'The Adoration of the Mystic Lamb': Stealing the Mystic Lamb (75.0),,,
The Arrival at the Palace,,,Q116750073,Work,[Category Fix] 可能是 Carpaccio 圣乌苏拉系列或其他叙事画。,,,No results found,Carpaccio,family name,Deep Match via 'Carpaccio' (From Notes): Carpaccio (Score: 95.0)
The Assumption of St Aloysius Gonzaga,,,Q334262,Work,[Category Fix] Guercino 等人的画作。,,,No results found,Guercino,painter of the Italian 17th century (1591–1666),Deep Match via 'Guercino' (From Notes): Guercino (Score: 95.0)
The Capture of Syracuse with the Death of Archimedes,,,Q52145427,Work,[Category Fix],,,No results found,The Death of Archimedes,painting by Luca Giordano,Deep Match via 'the Death of Archimedes' (Segment): The Death of Archimedes (Score: 90.0)
The Death of St Francis Xavier,,Q27979751,,Work,[Category Fix] Baciccio 或 Maratti 的画作。,Miracles of St. Francis Xavier (Rubens),Wikipedia Search Result,Smart Match via 'The Death of St Francis Xavier painting': Miracles of St. Francis Xavier (Rubens) (73.3),,,
The Ecstasy of Saint Margaret of Cortona,,Q85758544,,Work,[Category Fix] Lanfranco 的画作。,Ecstasy of St Margaret of Cortona,Wikipedia Search Result,Smart Match via 'The Ecstasy of Saint Margaret of Cortona': Ecstasy of St Margaret of Cortona (90.4),,,
The Emperor Augustus Closing the Doors of the Temple of Janus,,Q72671544,,Work,[Category Fix] Carlo Maratti 的画作。,The Emperor Augustus Closes the Doors of the Temple of Janus,Wikipedia Search Result,Smart Match via 'The Emperor Augustus Closing the Doors of the Temple of Janus': The Emperor Augustus Closes the Doors of the Temple of Janus (95.9),,,
The Four Continents paying homage to Karl Philip von Greiffenklau,,,,Work,[Category Fix] 提埃坡罗在 Würzburg 的天顶画。,,,No results found,,,
The Glorification of the Trinity with the Adoration of the Instruments of Passion,,,,Work,[Category Fix] 可能是特定祭坛画。,,,No results found,,,
The Glory of Saint Aloysius Gonzaga,,,Q334262,Work,[Category Fix] Guercino 或 Pozzo 的作品。,,,No results found,Guercino,painter of the Italian 17th century (1591–1666),Deep Match via 'Guercino' (From Notes): Guercino (Score: 95.0)
The Glory of St Dominic,,,Q109061,Work,[Category Fix] Guido Reni 或 Piazzetta 的画作。,,,No results found,Guido Reni,Bolognese painter (1575–1642),Deep Match via 'Guido Reni' (From Notes): Guido Reni (Score: 95.0)
The Infant Jupiter handed over by Cybele to the Corybantes,,,Q108603989,Work,"[OCR Fix] ""befed"" -> ""be fed""。",,,No results found,BEFeD,restaurant shops in Italy and France,Deep Match via 'befed' (From Notes): BEFeD (Score: 95.0)
The Institution of the Rosary,,,,Work,[Category Fix] 提埃坡罗等人的画作。,,,No results found,,,
The Life of Saint Ursula,,Q605725,,Work,[Category Fix] Carpaccio 的著名系列画作。,Legend of Saint Ursula,Wikipedia Search Result,Smart Match via 'The Life of Saint Ursula painting': Legend of Saint Ursula (78.3),,,
The Power of Eloquence,,,,Work,[Category Fix] 提埃坡罗在 Würzburg 的天顶画局部或寓意画。,,,No results found,,,
The Rehearsal of an Opera,,,Q930162,Work,[Category Fix] Marco Ricci 的画作。,,,No results found,Marco Ricci,"Italian painter, engraver and stage designer (1676-1730)",Deep Match via 'Marco Ricci' (From Notes): Marco Ricci (Score: 95.0)
The Revolt of Masaniello,,,Q16881132,Work,[Category Fix] 原文误标为 Person。指描绘该事件的画作（Spadaro/Cerquozzi）。,,,No results found,Person,family name,Deep Match via 'Person' (From Notes): Person (Score: 95.0)
The Sala Grande of the Ridotto (Palazzo Dandolo),,,Q1068131,Place,"[OCR Fix] ""S. Mois豕"" -> ""San Moisè""。威尼斯著名的赌场大厅。",,,No results found,San Moisè,church in Venice,Deep Match via 'San Mois' (From Notes): San Moisè (Score: 89.4)
The Stoning of Zechariah,,Q492091,,Work,[Category Fix],Tomb of Zechariah,Wikipedia Search Result,Smart Match via 'The Stoning of Zechariah': Tomb of Zechariah (73.2),,,
The Three Angels Visiting Abraham,,,,Work,[Category Fix] 提埃坡罗等。,,,No results found,,,
The Virgin Giving the Habit to Saint Teresa,,,,Work,[Category Fix],,,No results found,,,
The War between the Romans and the Sabines,,,,Work,[Category Fix] 历史画。,,,No results found,,,
Third Colonnade for St. Peter's Square,,,,Work,[Category Fix] 贝尼尼的未建设计方案。,,,No results found,,,
"Three Dominican Saints: Vincent, Hyacinth and Lawrence",,,Q20355258,Work,[Category Fix] 提埃坡罗在Gesuati的画作 (The Virgin Appearing to St. Dominic...) 的相关部分或独立画作。,,,No results found,Gesuati,painting by Richard Mortensen,Deep Match via 'Gesuati' (From Notes): Gesuati (Score: 105.0)
Three Portraits of Dogs,,,Q334262,Work,[Category Fix] Guercino 或其他画家的作品。,,,No results found,Guercino,painter of the Italian 17th century (1591–1666),Deep Match via 'Guercino' (From Notes): Guercino (Score: 95.0)
Tiberio Roberti,,,,Person,18-19世纪巴萨诺贵族，卡诺瓦的朋友。,,,No results found,,,
Tiepolo's Etchings,,,Q2278308,Work,[Category Fix] 提埃坡罗版画集 (Capricci/Scherzi)。,,,No results found,capriccio,architectural fantasy in painting,Deep Match via 'Capricci' (From Notes): capriccio (Score: 99.4)
Titles granted to artists,,,,Concept,[Category Fix] 社会史概念。,,,No results found,,,
Twelve Watercolors of Venetian Women,,,,Work,[Category Fix] Grevembroch 或其他人的风俗画册。,,,No results found,,,
Two Baskets of Fruit and Flowers,,,Q115945493,Work,[Category Fix] 静物画。,,,No results found,Flowers,2023 single by Miley Cyrus,Deep Match via 'Flowers' (Segment): Flowers (Score: 80.0)
Ufficio dell'Assessore Comunale alle Belle Arti,,,,Organization,[Category Fix] 市政艺术办公室。,,,No results found,,,
Uffizi / Pitti (Gallerie Fiorentine),,,,Place,[Validation] 佛罗伦萨美术馆统称。,,,No results found,,,
Un trionfo d'armi,,,Q3073297,Work,[Category Fix] 可能是 Flaminio Torri 的画作。,,,No results found,Flaminio Torre,Italian painter (1620-1661),Deep Match via 'Flaminio Torri' (From Notes): Flaminio Torre (Score: 88.2)
Valerio Antonio Zarzabini,,,,Person,[Validation] 人物。,,,No results found,,,
Valerio Vanetti,,,,Person,,,,No results found,,,
Venetian artists in 18th-century Paris,,,,Group,[Category Fix] 群体/概念。,,,No results found,,,
Venetian artists in Madrid,,,Q16881132,Group,[Category Fix] 原文误标为 Person (群体概念)。,,,No results found,Person,family name,Deep Match via 'Person' (From Notes): Person (Score: 95.0)
Venetian artists in St Petersburg,,,,Group,[Category Fix] 艺术群体。,,,No results found,,,
Venetian painting in Moscow,,Q610687,,Concept,[Category Fix] 指“莫斯科的威尼斯绘画收藏”这一概念/主题。,Venetian painting,Wikipedia Search Result,Smart Match via 'Venetian painting in Moscow': Venetian painting (87.3),,,
Ventura Carrara,,,,Person,,,,No results found,,,
Ventura Furlani,,,,Person,,,,No results found,,,
Ventura Rossi,,,,Person,建筑师/画家。,,,No results found,,,
Venus Leaving the Bath,,,,Work,[Category Fix] 布歇、提香等。,,,No results found,,,
Via de' Giubbonari,,,,Place,罗马街道。,,,No results found,,,
View of Venice: The Doge's Palace,,,Q182664,Work,[Category Fix] Canaletto 或 Guardi 的画作。,,,No results found,Canaletto,Italian painter of landscapes (1697–1768),Deep Match via 'Canaletto' (From Notes): Canaletto (Score: 95.0)
Vigilia di San Pietro,,,,Event,[OCR/Category Fix] 圣彼得节前夜（威尼斯节日），常为画作主题。,,,No results found,,,
Villa Altichiero,,,Q58209764,Place,[Validation] 威尼斯Querini家族别墅。,,,No results found,Querini,family name,Deep Match via 'Querini' (From Notes): Querini (Score: 95.0)
Vincenzo Radicchio,,,,Person,,,,No results found,,,
Vincenzo da Canal,,,,Person,威尼斯贵族/艺术史学家（《Vita di Gregorio Lazzarini》作者）。,,,No results found,,,
Virgin Protecting the City of Spoleto,,,,Work,[Category Fix] 祭坛画。,,,No results found,,,
Viterbo / Moroni,,,Q13395,Place/Person,"[Split Required] 错误合并。Viterbo (地点), Gaetano Moroni (作家)。",,,No results found,Viterbo,Italian commune (comune) in Lazio,Deep Match via 'Viterbo' (From Notes): Viterbo (Score: 95.0)
William Chandler Kirwin,,,,Person,艺术史学家。,,,No results found,,,
"William Cowper, 1st Earl Cowper / The Cowper Madonna?",,,Q1140419,Person/Work,"[Ambiguity] 若为画作 ""Cowper Madonna"" (Raphael) 则为 Work。若为人名，则是收藏家。根据 E22 标记，可能是画作 (The Small Cowper Madonna / The Niccolini-Cowper Madonna)。建议：The Cowper Madonna。",,,No results found,ambiguity,type of uncertainty of meaning in which several interpretations are plausible,Deep Match via 'Ambiguity' (From Notes): ambiguity (Score: 95.0)
Wirich Philipp von Daun / Leopold Joseph von Daun,,,,Person,[Disambiguation] 奥地利元帅。,,,No results found,,,
Woman Playing a Musical Instrument,,Q78161748,,Work,[Category Fix] 风俗画。,Woman Playing a Guitar (Vouet),Wikipedia Search Result,Smart Match via 'Woman Playing a Musical Instrument painting': Woman Playing a Guitar (Vouet) (71.4),,,
Women Washing their Laundry at a Fountain,,,Q4927937,Work,[Category Fix] Robert 或 Boucher 画作。,,,No results found,Robert,male given name,Deep Match via 'Robert' (From Notes): Robert (Score: 95.0)
Würzburg Residence Frescoes,,Q156316,,Work,[Validation] 提埃坡罗代表作。,Würzburg Residence,Wikipedia Search Result,Smart Match via 'Würzburg Residence Frescoes': Würzburg Residence (80.0),,,
Youth Rescued from the Pleasures of Venus,,,Q333323,Work,[Category Fix] 寓意画（Pietro da Cortona）。,,,No results found,Pietro da Cortona,Italian painter and architect of the High Baroque (1596-1669),Deep Match via 'Pietro da Cortona' (From Notes): Pietro da Cortona (Score: 95.0)
Zenobio family,,,,Group,威尼斯贵族。,,,No results found,,,
